t1,V1,t2,V2
0,-8.00E-01,0,8.00E-02
4.00E-04,-8.80E-01,4.00E-04,8.00E-02
8.00E-04,-9.60E-01,8.00E-04,8.00E-02
1.20E-03,-8.80E-01,1.20E-03,8.00E-02
1.60E-03,-9.60E-01,1.60E-03,8.00E-02
2.00E-03,-9.60E-01,2.00E-03,8.00E-02
2.40E-03,-9.60E-01,2.40E-03,8.00E-02
2.80E-03,-1.04,2.80E-03,8.00E-02
3.20E-03,-1.04,3.20E-03,8.00E-02
3.60E-03,-1.04,3.60E-03,8.00E-02
4.00E-03,-1.12,4.00E-03,8.00E-02
4.40E-03,-1.12,4.40E-03,8.00E-02
4.80E-03,-1.12,4.80E-03,8.00E-02
5.20E-03,-1.1999999,5.20E-03,8.00E-02
5.60E-03,-1.1999999,5.60E-03,8.00E-02
6.00E-03,-1.1999999,6.00E-03,8.00E-02
6.40E-03,-1.28,6.40E-03,8.00E-02
6.80E-03,-1.28,6.80E-03,8.00E-02
7.20E-03,-1.36,7.20E-03,8.00E-02
7.60E-03,-1.36,7.60E-03,0
8.00E-03,-1.36,8.00E-03,8.00E-02
8.40E-03,-1.4399999,8.40E-03,8.00E-02
8.80E-03,-1.4399999,8.80E-03,8.00E-02
9.20E-03,-1.52,9.20E-03,8.00E-02
9.60E-03,-1.52,9.60E-03,8.00E-02
1.00E-02,-1.52,1.00E-02,8.00E-02
1.04E-02,-1.5999999,1.04E-02,8.00E-02
1.08E-02,-1.52,1.08E-02,8.00E-02
1.12E-02,-1.5999999,1.12E-02,8.00E-02
1.16E-02,-1.5999999,1.16E-02,8.00E-02
1.20E-02,-1.6799999,1.20E-02,8.00E-02
1.24E-02,-1.6799999,1.24E-02,8.00E-02
1.28E-02,-1.76,1.28E-02,8.00E-02
1.32E-02,-1.76,1.32E-02,8.00E-02
1.36E-02,-1.76,1.36E-02,8.00E-02
1.40E-02,-1.76,1.40E-02,8.00E-02
1.44E-02,-1.8399999,1.44E-02,8.00E-02
1.48E-02,-1.92,1.48E-02,8.00E-02
1.52E-02,-1.8399999,1.52E-02,8.00E-02
1.56E-02,-1.92,1.56E-02,8.00E-02
1.60E-02,-1.92,1.60E-02,8.00E-02
1.64E-02,-1.92,1.64E-02,8.00E-02
1.68E-02,-1.92,1.68E-02,8.00E-02
1.72E-02,-1.92,1.72E-02,8.00E-02
1.76E-02,-1.8399999,1.76E-02,8.00E-02
1.80E-02,-1.8399999,1.80E-02,8.00E-02
1.84E-02,-1.8399999,1.84E-02,8.00E-02
1.88E-02,-1.76,1.88E-02,8.00E-02
1.92E-02,-1.76,1.92E-02,8.00E-02
1.96E-02,-1.76,1.96E-02,8.00E-02
2.00E-02,-1.76,2.00E-02,8.00E-02
2.04E-02,-1.6799999,2.04E-02,8.00E-02
2.08E-02,-1.6799999,2.08E-02,0
2.12E-02,-1.52,2.12E-02,8.00E-02
2.16E-02,-1.5999999,2.16E-02,8.00E-02
2.20E-02,-1.52,2.20E-02,8.00E-02
2.24E-02,-1.52,2.24E-02,8.00E-02
2.28E-02,-1.52,2.28E-02,8.00E-02
2.32E-02,-1.52,2.32E-02,8.00E-02
2.36E-02,-1.4399999,2.36E-02,8.00E-02
2.40E-02,-1.36,2.40E-02,8.00E-02
2.44E-02,-1.36,2.44E-02,8.00E-02
2.48E-02,-1.36,2.48E-02,8.00E-02
2.52E-02,-1.28,2.52E-02,8.00E-02
2.56E-02,-1.36,2.56E-02,8.00E-02
2.60E-02,-1.28,2.60E-02,8.00E-02
2.64E-02,-1.28,2.64E-02,8.00E-02
2.68E-02,-1.1999999,2.68E-02,8.00E-02
2.72E-02,-1.1999999,2.72E-02,8.00E-02
2.76E-02,-1.12,2.76E-02,8.00E-02
2.80E-02,-1.12,2.80E-02,8.00E-02
2.84E-02,-1.04,2.84E-02,8.00E-02
2.88E-02,-1.04,2.88E-02,8.00E-02
2.92E-02,-1.04,2.92E-02,8.00E-02
2.96E-02,-1.04,2.96E-02,8.00E-02
3.00E-02,-9.60E-01,3.00E-02,8.00E-02
3.04E-02,-9.60E-01,3.04E-02,8.00E-02
3.08E-02,-9.60E-01,3.08E-02,8.00E-02
3.12E-02,-8.80E-01,3.12E-02,8.00E-02
3.16E-02,-8.80E-01,3.16E-02,8.00E-02
3.20E-02,-8.00E-01,3.20E-02,8.00E-02
3.24E-02,-8.00E-01,3.24E-02,8.00E-02
3.28E-02,-8.00E-01,3.28E-02,8.00E-02
3.32E-02,-7.20E-01,3.32E-02,8.00E-02
3.36E-02,-7.20E-01,3.36E-02,8.00E-02
3.40E-02,-7.20E-01,3.40E-02,8.00E-02
3.44E-02,-6.40E-01,3.44E-02,8.00E-02
3.48E-02,-6.40E-01,3.48E-02,8.00E-02
3.52E-02,-5.60E-01,3.52E-02,8.00E-02
3.56E-02,-5.60E-01,3.56E-02,8.00E-02
3.60E-02,-5.60E-01,3.60E-02,8.00E-02
3.64E-02,-4.80E-01,3.64E-02,0
3.68E-02,-5.60E-01,3.68E-02,8.00E-02
3.72E-02,-4.00E-01,3.72E-02,8.00E-02
3.76E-02,-4.00E-01,3.76E-02,8.00E-02
3.80E-02,-4.00E-01,3.80E-02,8.00E-02
3.84E-02,-4.00E-01,3.84E-02,8.00E-02
3.88E-02,-3.20E-01,3.88E-02,8.00E-02
3.92E-02,-2.40E-01,3.92E-02,8.00E-02
3.96E-02,-2.40E-01,3.96E-02,8.00E-02
4.00E-02,-2.40E-01,4.00E-02,8.00E-02
4.04E-02,-1.60E-01,4.04E-02,8.00E-02
4.08E-02,-2.40E-01,4.08E-02,8.00E-02
4.12E-02,-1.60E-01,4.12E-02,0
4.16E-02,-1.60E-01,4.16E-02,8.00E-02
4.20E-02,-8.00E-02,4.20E-02,8.00E-02
4.24E-02,-8.00E-02,4.24E-02,8.00E-02
4.28E-02,0,4.28E-02,8.00E-02
4.32E-02,0,4.32E-02,0
4.36E-02,0,4.36E-02,8.00E-02
4.40E-02,8.00E-02,4.40E-02,8.00E-02
4.44E-02,8.00E-02,4.44E-02,8.00E-02
4.48E-02,8.00E-02,4.48E-02,8.00E-02
4.52E-02,1.60E-01,4.52E-02,8.00E-02
4.56E-02,1.60E-01,4.56E-02,1.60E-01
4.60E-02,1.60E-01,4.60E-02,8.00E-02
4.64E-02,1.60E-01,4.64E-02,8.00E-02
4.68E-02,2.40E-01,4.68E-02,8.00E-02
4.72E-02,3.20E-01,4.72E-02,8.00E-02
4.76E-02,3.20E-01,4.76E-02,8.00E-02
4.80E-02,3.20E-01,4.80E-02,8.00E-02
4.84E-02,3.20E-01,4.84E-02,8.00E-02
4.88E-02,3.20E-01,4.88E-02,8.00E-02
4.92E-02,4.00E-01,4.92E-02,8.00E-02
4.96E-02,4.80E-01,4.96E-02,8.00E-02
5.00E-02,5.60E-01,5.00E-02,8.00E-02
5.04E-02,5.60E-01,5.04E-02,8.00E-02
5.08E-02,5.60E-01,5.08E-02,8.00E-02
5.12E-02,5.60E-01,5.12E-02,8.00E-02
5.16E-02,5.60E-01,5.16E-02,8.00E-02
5.20E-02,5.60E-01,5.20E-02,8.00E-02
5.24E-02,6.40E-01,5.24E-02,8.00E-02
5.28E-02,6.40E-01,5.28E-02,8.00E-02
5.32E-02,7.20E-01,5.32E-02,8.00E-02
5.36E-02,7.20E-01,5.36E-02,8.00E-02
5.40E-02,7.20E-01,5.40E-02,8.00E-02
5.44E-02,7.20E-01,5.44E-02,8.00E-02
5.48E-02,8.00E-01,5.48E-02,8.00E-02
5.52E-02,7.20E-01,5.52E-02,1.60E-01
5.56E-02,8.00E-01,5.56E-02,1.60E-01
5.60E-02,8.00E-01,5.60E-02,1.60E-01
5.64E-02,8.80E-01,5.64E-02,2.40E-01
5.68E-02,8.80E-01,5.68E-02,2.40E-01
5.72E-02,8.80E-01,5.72E-02,2.40E-01
5.76E-02,9.60E-01,5.76E-02,2.40E-01
5.80E-02,9.60E-01,5.80E-02,2.40E-01
5.84E-02,9.60E-01,5.84E-02,2.40E-01
5.88E-02,9.60E-01,5.88E-02,3.20E-01
5.92E-02,9.60E-01,5.92E-02,3.20E-01
5.96E-02,1.04,5.96E-02,3.20E-01
6.00E-02,1.04,6.00E-02,3.20E-01
6.04E-02,1.04,6.04E-02,3.20E-01
6.08E-02,1.04,6.08E-02,4.00E-01
6.12E-02,1.12,6.12E-02,3.20E-01
6.16E-02,1.12,6.16E-02,4.00E-01
6.20E-02,1.12,6.20E-02,4.00E-01
6.24E-02,1.12,6.24E-02,4.00E-01
6.28E-02,1.1999999,6.28E-02,4.80E-01
6.32E-02,1.12,6.32E-02,4.80E-01
6.36E-02,1.28,6.36E-02,4.80E-01
6.40E-02,1.28,6.40E-02,4.80E-01
6.44E-02,1.28,6.44E-02,5.60E-01
6.48E-02,1.28,6.48E-02,5.60E-01
6.52E-02,1.28,6.52E-02,5.60E-01
6.56E-02,1.28,6.56E-02,5.60E-01
6.60E-02,1.28,6.60E-02,6.40E-01
6.64E-02,1.28,6.64E-02,6.40E-01
6.68E-02,1.36,6.68E-02,6.40E-01
6.72E-02,1.36,6.72E-02,6.40E-01
6.76E-02,1.36,6.76E-02,6.40E-01
6.80E-02,1.36,6.80E-02,7.20E-01
6.84E-02,1.36,6.84E-02,7.20E-01
6.88E-02,1.4399999,6.88E-02,7.20E-01
6.92E-02,1.4399999,6.92E-02,7.20E-01
6.96E-02,1.4399999,6.96E-02,7.20E-01
7.00E-02,1.52,7.00E-02,8.00E-01
7.04E-02,1.52,7.04E-02,8.00E-01
7.08E-02,1.4399999,7.08E-02,8.00E-01
7.12E-02,1.52,7.12E-02,8.00E-01
7.16E-02,1.52,7.16E-02,8.80E-01
7.20E-02,1.5999999,7.20E-02,8.80E-01
7.24E-02,1.5999999,7.24E-02,8.80E-01
7.28E-02,1.6799999,7.28E-02,8.80E-01
7.32E-02,1.6799999,7.32E-02,8.80E-01
7.36E-02,1.6799999,7.36E-02,9.60E-01
7.40E-02,1.6799999,7.40E-02,9.60E-01
7.44E-02,1.6799999,7.44E-02,9.60E-01
7.48E-02,1.6799999,7.48E-02,9.60E-01
7.52E-02,1.76,7.52E-02,9.60E-01
7.56E-02,1.6799999,7.56E-02,1.04
7.60E-02,1.76,7.60E-02,1.04
7.64E-02,1.76,7.64E-02,1.04
7.68E-02,1.76,7.68E-02,1.04
7.72E-02,1.8399999,7.72E-02,1.04
7.76E-02,1.8399999,7.76E-02,1.12
7.80E-02,1.8399999,7.80E-02,1.04
7.84E-02,1.8399999,7.84E-02,1.12
7.88E-02,1.92,7.88E-02,1.12
7.92E-02,1.92,7.92E-02,1.1999999
7.96E-02,1.92,7.96E-02,1.1999999
8.00E-02,1.92,8.00E-02,1.1999999
8.04E-02,1.92,8.04E-02,1.1999999
8.08E-02,2,8.08E-02,1.1999999
8.12E-02,2,8.12E-02,1.1999999
8.16E-02,2,8.16E-02,1.28
8.20E-02,2,8.20E-02,1.28
8.24E-02,2,8.24E-02,1.28
8.28E-02,2.0799999,8.28E-02,1.36
8.32E-02,2.0799999,8.32E-02,1.36
8.36E-02,2.0799999,8.36E-02,1.36
8.40E-02,2.0799999,8.40E-02,1.36
8.44E-02,2.0799999,8.44E-02,1.36
8.48E-02,2.1599998,8.48E-02,1.4399999
8.52E-02,2.1599998,8.52E-02,1.4399999
8.56E-02,2.1599998,8.56E-02,1.4399999
8.60E-02,2.1599998,8.60E-02,1.52
8.64E-02,2.24,8.64E-02,1.52
8.68E-02,2.24,8.68E-02,1.52
8.72E-02,2.24,8.72E-02,1.52
8.76E-02,2.24,8.76E-02,1.5999999
8.80E-02,2.24,8.80E-02,1.5999999
8.84E-02,2.3199999,8.84E-02,1.5999999
8.88E-02,2.3199999,8.88E-02,1.5999999
8.92E-02,2.3199999,8.92E-02,1.5999999
8.96E-02,2.3999999,8.96E-02,1.6799999
9.00E-02,2.3999999,9.00E-02,1.6799999
9.04E-02,2.3999999,9.04E-02,1.76
9.08E-02,2.3999999,9.08E-02,1.6799999
9.12E-02,2.48,9.12E-02,1.76
9.16E-02,2.48,9.16E-02,1.76
9.20E-02,2.48,9.20E-02,1.76
9.24E-02,2.48,9.24E-02,1.76
9.28E-02,2.48,9.28E-02,1.76
9.32E-02,2.48,9.32E-02,1.76
9.36E-02,2.48,9.36E-02,1.76
9.40E-02,2.5599999,9.40E-02,1.8399999
9.44E-02,2.5599999,9.44E-02,1.8399999
9.48E-02,2.6399999,9.48E-02,1.8399999
9.52E-02,2.6399999,9.52E-02,1.92
9.56E-02,2.6399999,9.56E-02,1.92
9.60E-02,2.6399999,9.60E-02,1.8399999
9.64E-02,2.6399999,9.64E-02,1.92
9.68E-02,2.6399999,9.68E-02,1.92
9.72E-02,2.72000003,9.72E-02,1.92
9.76E-02,2.72000003,9.76E-02,2
9.80E-02,2.72000003,9.80E-02,2
9.84E-02,2.79999995,9.84E-02,2.0799999
9.88E-02,2.72000003,9.88E-02,2
9.92E-02,2.79999995,9.92E-02,2.0799999
9.96E-02,2.79999995,9.96E-02,2.0799999
1.00E-01,2.87999988,1.00E-01,2.0799999
1.00E-01,2.87999988,1.00E-01,2.1599998
1.01E-01,2.87999988,1.01E-01,2.0799999
1.01E-01,2.87999988,1.01E-01,2.1599998
1.02E-01,2.96000004,1.02E-01,2.1599998
1.02E-01,2.96000004,1.02E-01,2.1599998
1.02E-01,2.96000004,1.02E-01,2.24
1.03E-01,2.96000004,1.03E-01,2.1599998
1.03E-01,2.96000004,1.03E-01,2.24
1.04E-01,3.03999996,1.04E-01,2.3199999
1.04E-01,3.03999996,1.04E-01,2.24
1.04E-01,3.03999996,1.04E-01,2.24
1.05E-01,3.03999996,1.05E-01,2.3199999
1.05E-01,3.03999996,1.05E-01,2.3199999
1.06E-01,3.11999989,1.06E-01,2.3199999
1.06E-01,3.11999989,1.06E-01,2.3999999
1.06E-01,3.11999989,1.06E-01,2.3999999
1.07E-01,3.11999989,1.07E-01,2.3999999
1.07E-01,3.11999989,1.07E-01,2.3999999
1.08E-01,3.19999981,1.08E-01,2.3999999
1.08E-01,3.19999981,1.08E-01,2.3999999
1.08E-01,3.19999981,1.08E-01,2.3999999
1.09E-01,3.19999981,1.09E-01,2.48
1.09E-01,3.19999981,1.09E-01,2.48
1.10E-01,3.27999997,1.10E-01,2.48
1.10E-01,3.27999997,1.10E-01,2.48
1.10E-01,3.27999997,1.10E-01,2.5599999
1.11E-01,3.27999997,1.11E-01,2.5599999
1.11E-01,3.3599999,1.11E-01,2.5599999
1.12E-01,3.3599999,1.12E-01,2.5599999
1.12E-01,3.3599999,1.12E-01,2.6399999
1.12E-01,3.3599999,1.12E-01,2.6399999
1.13E-01,3.3599999,1.13E-01,2.6399999
1.13E-01,3.43999982,1.13E-01,2.6399999
1.14E-01,3.43999982,1.14E-01,2.72000003
1.14E-01,3.43999982,1.14E-01,2.72000003
1.14E-01,3.51999998,1.14E-01,2.72000003
1.15E-01,3.51999998,1.15E-01,2.72000003
1.15E-01,3.51999998,1.15E-01,2.72000003
1.16E-01,3.51999998,1.16E-01,2.79999995
1.16E-01,3.5999999,1.16E-01,2.79999995
1.16E-01,3.5999999,1.16E-01,2.79999995
1.17E-01,3.51999998,1.17E-01,2.79999995
1.17E-01,3.51999998,1.17E-01,2.79999995
1.18E-01,3.51999998,1.18E-01,2.72000003
1.18E-01,3.43999982,1.18E-01,2.72000003
1.18E-01,3.43999982,1.18E-01,2.72000003
1.19E-01,3.43999982,1.19E-01,2.72000003
1.19E-01,3.43999982,1.19E-01,2.6399999
1.20E-01,3.3599999,1.20E-01,2.6399999
1.20E-01,3.43999982,1.20E-01,2.5599999
1.20E-01,3.3599999,1.20E-01,2.5599999
1.21E-01,3.3599999,1.21E-01,2.6399999
1.21E-01,3.27999997,1.21E-01,2.6399999
1.22E-01,3.3599999,1.22E-01,2.5599999
1.22E-01,3.3599999,1.22E-01,2.48
1.22E-01,3.27999997,1.22E-01,2.48
1.23E-01,3.27999997,1.23E-01,2.48
1.23E-01,3.27999997,1.23E-01,2.48
1.24E-01,3.19999981,1.24E-01,2.48
1.24E-01,3.19999981,1.24E-01,2.48
1.24E-01,3.19999981,1.24E-01,2.48
1.25E-01,3.19999981,1.25E-01,2.3999999
1.25E-01,3.19999981,1.25E-01,2.3999999
1.26E-01,3.11999989,1.26E-01,2.3999999
1.26E-01,3.11999989,1.26E-01,2.3999999
1.26E-01,3.11999989,1.26E-01,2.3199999
1.27E-01,3.11999989,1.27E-01,2.3999999
1.27E-01,3.03999996,1.27E-01,2.3199999
1.28E-01,3.03999996,1.28E-01,2.3199999
1.28E-01,3.03999996,1.28E-01,2.3199999
1.28E-01,2.96000004,1.28E-01,2.24
1.29E-01,3.03999996,1.29E-01,2.3199999
1.29E-01,2.96000004,1.29E-01,2.24
1.30E-01,2.96000004,1.30E-01,2.24
1.30E-01,2.96000004,1.30E-01,2.1599998
1.30E-01,2.87999988,1.30E-01,2.24
1.31E-01,2.96000004,1.31E-01,2.1599998
1.31E-01,2.87999988,1.31E-01,2.1599998
1.32E-01,2.87999988,1.32E-01,2.0799999
1.32E-01,2.87999988,1.32E-01,2.0799999
1.32E-01,2.79999995,1.32E-01,2.0799999
1.33E-01,2.79999995,1.33E-01,2.0799999
1.33E-01,2.79999995,1.33E-01,2.0799999
1.34E-01,2.79999995,1.34E-01,2.0799999
1.34E-01,2.79999995,1.34E-01,2
1.34E-01,2.72000003,1.34E-01,2
1.35E-01,2.72000003,1.35E-01,2
1.35E-01,2.6399999,1.35E-01,2
1.36E-01,2.6399999,1.36E-01,1.92
1.36E-01,2.6399999,1.36E-01,1.92
1.36E-01,2.6399999,1.36E-01,1.92
1.37E-01,2.6399999,1.37E-01,1.92
1.37E-01,2.6399999,1.37E-01,1.8399999
1.38E-01,2.5599999,1.38E-01,1.8399999
1.38E-01,2.5599999,1.38E-01,1.8399999
1.38E-01,2.5599999,1.38E-01,1.8399999
1.39E-01,2.5599999,1.39E-01,1.8399999
1.39E-01,2.5599999,1.39E-01,1.8399999
1.40E-01,2.48,1.40E-01,1.76
1.40E-01,2.48,1.40E-01,1.76
1.40E-01,2.48,1.40E-01,1.6799999
1.41E-01,2.3999999,1.41E-01,1.6799999
1.41E-01,2.3999999,1.41E-01,1.6799999
1.42E-01,2.3999999,1.42E-01,1.6799999
1.42E-01,2.3999999,1.42E-01,1.6799999
1.42E-01,2.3999999,1.42E-01,1.5999999
1.43E-01,2.3199999,1.43E-01,1.5999999
1.43E-01,2.3199999,1.43E-01,1.5999999
1.44E-01,2.3199999,1.44E-01,1.5999999
1.44E-01,2.3999999,1.44E-01,1.5999999
1.44E-01,2.24,1.44E-01,1.5999999
1.45E-01,2.24,1.45E-01,1.52
1.45E-01,2.24,1.45E-01,1.52
1.46E-01,2.24,1.46E-01,1.52
1.46E-01,2.24,1.46E-01,1.4399999
1.46E-01,2.24,1.46E-01,1.4399999
1.47E-01,2.1599998,1.47E-01,1.4399999
1.47E-01,2.1599998,1.47E-01,1.4399999
1.48E-01,2.1599998,1.48E-01,1.4399999
1.48E-01,2.1599998,1.48E-01,1.36
1.48E-01,2.0799999,1.48E-01,1.4399999
1.49E-01,2.0799999,1.49E-01,1.36
1.49E-01,2.0799999,1.49E-01,1.36
1.50E-01,2.0799999,1.50E-01,1.36
1.50E-01,2,1.50E-01,1.28
1.50E-01,2.0799999,1.50E-01,1.28
1.51E-01,2,1.51E-01,1.28
1.51E-01,2,1.51E-01,1.1999999
1.52E-01,1.92,1.52E-01,1.1999999
1.52E-01,1.92,1.52E-01,1.1999999
1.52E-01,1.92,1.52E-01,1.1999999
1.53E-01,1.92,1.53E-01,1.12
1.53E-01,1.92,1.53E-01,1.1999999
1.54E-01,1.8399999,1.54E-01,1.12
1.54E-01,1.92,1.54E-01,1.04
1.54E-01,1.8399999,1.54E-01,1.04
1.55E-01,1.8399999,1.55E-01,1.04
1.55E-01,1.8399999,1.55E-01,1.12
1.56E-01,1.76,1.56E-01,1.12
1.56E-01,1.8399999,1.56E-01,1.04
1.56E-01,1.76,1.56E-01,1.04
1.57E-01,1.76,1.57E-01,1.04
1.57E-01,1.6799999,1.57E-01,1.04
1.58E-01,1.6799999,1.58E-01,9.60E-01
1.58E-01,1.6799999,1.58E-01,9.60E-01
1.58E-01,1.6799999,1.58E-01,8.80E-01
1.59E-01,1.6799999,1.59E-01,9.60E-01
1.59E-01,1.6799999,1.59E-01,8.80E-01
1.60E-01,1.5999999,1.60E-01,8.80E-01
1.60E-01,1.5999999,1.60E-01,9.60E-01
1.60E-01,1.52,1.60E-01,8.80E-01
1.61E-01,1.52,1.61E-01,8.00E-01
1.61E-01,1.52,1.61E-01,8.00E-01
1.62E-01,1.52,1.62E-01,8.00E-01
1.62E-01,1.52,1.62E-01,8.00E-01
1.62E-01,1.52,1.62E-01,7.20E-01
1.63E-01,1.4399999,1.63E-01,7.20E-01
1.63E-01,1.4399999,1.63E-01,7.20E-01
1.64E-01,1.4399999,1.64E-01,7.20E-01
1.64E-01,1.36,1.64E-01,6.40E-01
1.64E-01,1.4399999,1.64E-01,6.40E-01
1.65E-01,1.36,1.65E-01,6.40E-01
1.65E-01,1.36,1.65E-01,6.40E-01
1.66E-01,1.28,1.66E-01,5.60E-01
1.66E-01,1.28,1.66E-01,5.60E-01
1.66E-01,1.36,1.66E-01,5.60E-01
1.67E-01,1.28,1.67E-01,6.40E-01
1.67E-01,1.28,1.67E-01,5.60E-01
1.68E-01,1.28,1.68E-01,5.60E-01
1.68E-01,1.1999999,1.68E-01,4.80E-01
1.68E-01,1.28,1.68E-01,4.80E-01
1.69E-01,1.1999999,1.69E-01,4.80E-01
1.69E-01,1.1999999,1.69E-01,4.80E-01
1.70E-01,1.1999999,1.70E-01,4.80E-01
1.70E-01,1.12,1.70E-01,4.80E-01
1.70E-01,1.12,1.70E-01,4.00E-01
1.71E-01,1.12,1.71E-01,4.00E-01
1.71E-01,1.12,1.71E-01,4.00E-01
1.72E-01,1.04,1.72E-01,4.00E-01
1.72E-01,1.04,1.72E-01,3.20E-01
1.72E-01,1.04,1.72E-01,3.20E-01
1.73E-01,1.04,1.73E-01,3.20E-01
1.73E-01,1.04,1.73E-01,3.20E-01
1.74E-01,9.60E-01,1.74E-01,3.20E-01
1.74E-01,9.60E-01,1.74E-01,3.20E-01
1.74E-01,9.60E-01,1.74E-01,2.40E-01
1.75E-01,8.80E-01,1.75E-01,2.40E-01
1.75E-01,8.80E-01,1.75E-01,2.40E-01
1.76E-01,8.80E-01,1.76E-01,2.40E-01
1.76E-01,8.00E-01,1.76E-01,2.40E-01
1.76E-01,8.80E-01,1.76E-01,1.60E-01
1.77E-01,8.00E-01,1.77E-01,1.60E-01
1.77E-01,7.20E-01,1.77E-01,1.60E-01
1.78E-01,7.20E-01,1.78E-01,1.60E-01
1.78E-01,7.20E-01,1.78E-01,8.00E-02
1.78E-01,7.20E-01,1.78E-01,8.00E-02
1.79E-01,6.40E-01,1.79E-01,8.00E-02
1.79E-01,7.20E-01,1.79E-01,8.00E-02
1.80E-01,7.20E-01,1.80E-01,8.00E-02
1.80E-01,5.60E-01,1.80E-01,8.00E-02
1.80E-01,6.40E-01,1.80E-01,8.00E-02
1.81E-01,5.60E-01,1.81E-01,8.00E-02
1.81E-01,5.60E-01,1.81E-01,8.00E-02
1.82E-01,5.60E-01,1.82E-01,8.00E-02
1.82E-01,4.80E-01,1.82E-01,8.00E-02
1.82E-01,4.80E-01,1.82E-01,8.00E-02
1.83E-01,4.00E-01,1.83E-01,8.00E-02
1.83E-01,4.00E-01,1.83E-01,8.00E-02
1.84E-01,4.00E-01,1.84E-01,8.00E-02
1.84E-01,3.20E-01,1.84E-01,8.00E-02
1.84E-01,3.20E-01,1.84E-01,8.00E-02
1.85E-01,3.20E-01,1.85E-01,8.00E-02
1.85E-01,3.20E-01,1.85E-01,8.00E-02
1.86E-01,2.40E-01,1.86E-01,8.00E-02
1.86E-01,1.60E-01,1.86E-01,8.00E-02
1.86E-01,1.60E-01,1.86E-01,8.00E-02
1.87E-01,1.60E-01,1.87E-01,8.00E-02
1.87E-01,8.00E-02,1.87E-01,8.00E-02
1.88E-01,1.60E-01,1.88E-01,8.00E-02
1.88E-01,8.00E-02,1.88E-01,8.00E-02
1.88E-01,8.00E-02,1.88E-01,8.00E-02
1.89E-01,0,1.89E-01,8.00E-02
1.89E-01,0,1.89E-01,8.00E-02
1.90E-01,0,1.90E-01,8.00E-02
1.90E-01,-8.00E-02,1.90E-01,8.00E-02
1.90E-01,-1.60E-01,1.90E-01,8.00E-02
1.91E-01,-1.60E-01,1.91E-01,8.00E-02
1.91E-01,-1.60E-01,1.91E-01,8.00E-02
1.92E-01,-1.60E-01,1.92E-01,0
1.92E-01,-2.40E-01,1.92E-01,8.00E-02
1.92E-01,-2.40E-01,1.92E-01,8.00E-02
1.93E-01,-3.20E-01,1.93E-01,8.00E-02
1.93E-01,-3.20E-01,1.93E-01,8.00E-02
1.94E-01,-4.00E-01,1.94E-01,8.00E-02
1.94E-01,-3.20E-01,1.94E-01,8.00E-02
1.94E-01,-4.00E-01,1.94E-01,8.00E-02
1.95E-01,-4.80E-01,1.95E-01,8.00E-02
1.95E-01,-4.80E-01,1.95E-01,8.00E-02
1.96E-01,-4.80E-01,1.96E-01,8.00E-02
1.96E-01,-5.60E-01,1.96E-01,8.00E-02
1.96E-01,-5.60E-01,1.96E-01,8.00E-02
1.97E-01,-5.60E-01,1.97E-01,8.00E-02
1.97E-01,-6.40E-01,1.97E-01,8.00E-02
1.98E-01,-6.40E-01,1.98E-01,8.00E-02
1.98E-01,-6.40E-01,1.98E-01,8.00E-02
1.98E-01,-6.40E-01,1.98E-01,8.00E-02
1.99E-01,-7.20E-01,1.99E-01,8.00E-02
1.99E-01,-7.20E-01,1.99E-01,8.00E-02
2.00E-01,-8.00E-01,2.00E-01,8.00E-02
2.00E-01,-8.00E-01,2.00E-01,8.00E-02
2.00E-01,-8.00E-01,2.00E-01,8.00E-02
2.01E-01,-8.80E-01,2.01E-01,8.00E-02
2.01E-01,-8.80E-01,2.01E-01,8.00E-02
2.02E-01,-9.60E-01,2.02E-01,0
2.02E-01,-9.60E-01,2.02E-01,8.00E-02
2.02E-01,-9.60E-01,2.02E-01,8.00E-02
2.03E-01,-1.04,2.03E-01,8.00E-02
2.03E-01,-1.04,2.03E-01,8.00E-02
2.04E-01,-1.12,2.04E-01,8.00E-02
2.04E-01,-1.04,2.04E-01,8.00E-02
2.04E-01,-1.12,2.04E-01,8.00E-02
2.05E-01,-1.12,2.05E-01,8.00E-02
2.05E-01,-1.1999999,2.05E-01,8.00E-02
2.06E-01,-1.1999999,2.06E-01,8.00E-02
2.06E-01,-1.1999999,2.06E-01,8.00E-02
2.06E-01,-1.28,2.06E-01,8.00E-02
2.07E-01,-1.28,2.07E-01,8.00E-02
2.07E-01,-1.28,2.07E-01,8.00E-02
2.08E-01,-1.36,2.08E-01,8.00E-02
2.08E-01,-1.36,2.08E-01,8.00E-02
2.08E-01,-1.4399999,2.08E-01,8.00E-02
2.09E-01,-1.52,2.09E-01,8.00E-02
2.09E-01,-1.52,2.09E-01,8.00E-02
2.10E-01,-1.52,2.10E-01,8.00E-02
2.10E-01,-1.52,2.10E-01,8.00E-02
2.10E-01,-1.52,2.10E-01,8.00E-02
2.11E-01,-1.52,2.11E-01,8.00E-02
2.11E-01,-1.5999999,2.11E-01,8.00E-02
2.12E-01,-1.6799999,2.12E-01,8.00E-02
2.12E-01,-1.6799999,2.12E-01,8.00E-02
2.12E-01,-1.6799999,2.12E-01,8.00E-02
2.13E-01,-1.76,2.13E-01,8.00E-02
2.13E-01,-1.76,2.13E-01,8.00E-02
2.14E-01,-1.76,2.14E-01,8.00E-02
2.14E-01,-1.8399999,2.14E-01,8.00E-02
2.14E-01,-1.8399999,2.14E-01,8.00E-02
2.15E-01,-1.92,2.15E-01,8.00E-02
2.15E-01,-1.92,2.15E-01,0
2.16E-01,-1.92,2.16E-01,8.00E-02
2.16E-01,-1.92,2.16E-01,8.00E-02
2.16E-01,-2,2.16E-01,8.00E-02
2.17E-01,-1.92,2.17E-01,8.00E-02
2.17E-01,-1.8399999,2.17E-01,8.00E-02
2.18E-01,-1.92,2.18E-01,8.00E-02
2.18E-01,-1.8399999,2.18E-01,8.00E-02
2.18E-01,-1.76,2.18E-01,8.00E-02
2.19E-01,-1.8399999,2.19E-01,8.00E-02
2.19E-01,-1.76,2.19E-01,8.00E-02
2.20E-01,-1.76,2.20E-01,8.00E-02
2.20E-01,-1.6799999,2.20E-01,8.00E-02
2.20E-01,-1.5999999,2.20E-01,8.00E-02
2.21E-01,-1.5999999,2.21E-01,8.00E-02
2.21E-01,-1.5999999,2.21E-01,8.00E-02
2.22E-01,-1.52,2.22E-01,8.00E-02
2.22E-01,-1.52,2.22E-01,8.00E-02
2.22E-01,-1.52,2.22E-01,8.00E-02
2.23E-01,-1.52,2.23E-01,8.00E-02
2.23E-01,-1.4399999,2.23E-01,8.00E-02
2.24E-01,-1.4399999,2.24E-01,8.00E-02
2.24E-01,-1.36,2.24E-01,8.00E-02
2.24E-01,-1.36,2.24E-01,8.00E-02
2.25E-01,-1.36,2.25E-01,8.00E-02
2.25E-01,-1.36,2.25E-01,8.00E-02
2.26E-01,-1.28,2.26E-01,8.00E-02
2.26E-01,-1.28,2.26E-01,8.00E-02
2.26E-01,-1.28,2.26E-01,8.00E-02
2.27E-01,-1.1999999,2.27E-01,8.00E-02
2.27E-01,-1.12,2.27E-01,8.00E-02
2.28E-01,-1.12,2.28E-01,8.00E-02
2.28E-01,-1.12,2.28E-01,8.00E-02
2.28E-01,-1.12,2.28E-01,8.00E-02
2.29E-01,-1.04,2.29E-01,8.00E-02
2.29E-01,-1.04,2.29E-01,8.00E-02
2.30E-01,-9.60E-01,2.30E-01,8.00E-02
2.30E-01,-9.60E-01,2.30E-01,8.00E-02
2.30E-01,-9.60E-01,2.30E-01,8.00E-02
2.31E-01,-8.80E-01,2.31E-01,8.00E-02
2.31E-01,-8.80E-01,2.31E-01,8.00E-02
2.32E-01,-8.80E-01,2.32E-01,8.00E-02
2.32E-01,-8.00E-01,2.32E-01,8.00E-02
2.32E-01,-8.80E-01,2.32E-01,8.00E-02
2.33E-01,-8.00E-01,2.33E-01,8.00E-02
2.33E-01,-7.20E-01,2.33E-01,8.00E-02
2.34E-01,-7.20E-01,2.34E-01,8.00E-02
2.34E-01,-6.40E-01,2.34E-01,8.00E-02
2.34E-01,-6.40E-01,2.34E-01,8.00E-02
2.35E-01,-5.60E-01,2.35E-01,8.00E-02
2.35E-01,-6.40E-01,2.35E-01,8.00E-02
2.36E-01,-5.60E-01,2.36E-01,8.00E-02
2.36E-01,-5.60E-01,2.36E-01,8.00E-02
2.36E-01,-4.80E-01,2.36E-01,8.00E-02
2.37E-01,-4.80E-01,2.37E-01,8.00E-02
2.37E-01,-4.00E-01,2.37E-01,8.00E-02
2.38E-01,-3.20E-01,2.38E-01,8.00E-02
2.38E-01,-4.00E-01,2.38E-01,8.00E-02
2.38E-01,-4.00E-01,2.38E-01,8.00E-02
2.39E-01,-3.20E-01,2.39E-01,8.00E-02
2.39E-01,-3.20E-01,2.39E-01,8.00E-02
2.40E-01,-2.40E-01,2.40E-01,8.00E-02
2.40E-01,-2.40E-01,2.40E-01,8.00E-02
2.40E-01,-2.40E-01,2.40E-01,8.00E-02
2.41E-01,-1.60E-01,2.41E-01,0
2.41E-01,-1.60E-01,2.41E-01,8.00E-02
2.42E-01,-1.60E-01,2.42E-01,0
2.42E-01,-8.00E-02,2.42E-01,8.00E-02
2.42E-01,-8.00E-02,2.42E-01,8.00E-02
2.43E-01,0,2.43E-01,8.00E-02
2.43E-01,0,2.43E-01,8.00E-02
2.44E-01,0,2.44E-01,8.00E-02
2.44E-01,0,2.44E-01,8.00E-02
2.44E-01,8.00E-02,2.44E-01,8.00E-02
2.45E-01,8.00E-02,2.45E-01,8.00E-02
2.45E-01,1.60E-01,2.45E-01,8.00E-02
2.46E-01,1.60E-01,2.46E-01,8.00E-02
2.46E-01,2.40E-01,2.46E-01,8.00E-02
2.46E-01,2.40E-01,2.46E-01,8.00E-02
2.47E-01,2.40E-01,2.47E-01,8.00E-02
2.47E-01,3.20E-01,2.47E-01,8.00E-02
2.48E-01,3.20E-01,2.48E-01,8.00E-02
2.48E-01,3.20E-01,2.48E-01,8.00E-02
2.48E-01,3.20E-01,2.48E-01,0
2.49E-01,4.00E-01,2.49E-01,8.00E-02
2.49E-01,4.00E-01,2.49E-01,0
2.50E-01,4.80E-01,2.50E-01,8.00E-02
2.50E-01,4.80E-01,2.50E-01,0
2.50E-01,4.80E-01,2.50E-01,0
2.51E-01,5.60E-01,2.51E-01,8.00E-02
2.51E-01,5.60E-01,2.51E-01,8.00E-02
2.52E-01,5.60E-01,2.52E-01,8.00E-02
2.52E-01,5.60E-01,2.52E-01,8.00E-02
2.52E-01,6.40E-01,2.52E-01,8.00E-02
2.53E-01,6.40E-01,2.53E-01,8.00E-02
2.53E-01,7.20E-01,2.53E-01,8.00E-02
2.54E-01,7.20E-01,2.54E-01,8.00E-02
2.54E-01,7.20E-01,2.54E-01,8.00E-02
2.54E-01,7.20E-01,2.54E-01,1.60E-01
2.55E-01,8.00E-01,2.55E-01,1.60E-01
2.55E-01,8.00E-01,2.55E-01,1.60E-01
2.56E-01,8.00E-01,2.56E-01,1.60E-01
2.56E-01,8.80E-01,2.56E-01,2.40E-01
2.56E-01,8.80E-01,2.56E-01,1.60E-01
2.57E-01,8.80E-01,2.57E-01,2.40E-01
2.57E-01,8.80E-01,2.57E-01,2.40E-01
2.58E-01,8.80E-01,2.58E-01,2.40E-01
2.58E-01,8.80E-01,2.58E-01,2.40E-01
2.58E-01,9.60E-01,2.58E-01,3.20E-01
2.59E-01,9.60E-01,2.59E-01,3.20E-01
2.59E-01,1.04,2.59E-01,3.20E-01
2.60E-01,1.04,2.60E-01,3.20E-01
2.60E-01,1.04,2.60E-01,3.20E-01
2.60E-01,1.04,2.60E-01,3.20E-01
2.61E-01,1.04,2.61E-01,3.20E-01
2.61E-01,1.04,2.61E-01,4.00E-01
2.62E-01,1.12,2.62E-01,4.00E-01
2.62E-01,1.12,2.62E-01,4.80E-01
2.62E-01,1.12,2.62E-01,4.00E-01
2.63E-01,1.1999999,2.63E-01,4.80E-01
2.63E-01,1.12,2.63E-01,4.80E-01
2.64E-01,1.12,2.64E-01,4.80E-01
2.64E-01,1.1999999,2.64E-01,4.80E-01
2.64E-01,1.28,2.64E-01,5.60E-01
2.65E-01,1.28,2.65E-01,5.60E-01
2.65E-01,1.28,2.65E-01,5.60E-01
2.66E-01,1.28,2.66E-01,5.60E-01
2.66E-01,1.28,2.66E-01,6.40E-01
2.66E-01,1.36,2.66E-01,5.60E-01
2.67E-01,1.36,2.67E-01,6.40E-01
2.67E-01,1.28,2.67E-01,6.40E-01
2.68E-01,1.36,2.68E-01,6.40E-01
2.68E-01,1.36,2.68E-01,6.40E-01
2.68E-01,1.36,2.68E-01,7.20E-01
2.69E-01,1.4399999,2.69E-01,7.20E-01
2.69E-01,1.4399999,2.69E-01,7.20E-01
2.70E-01,1.4399999,2.70E-01,7.20E-01
2.70E-01,1.52,2.70E-01,7.20E-01
2.70E-01,1.52,2.70E-01,8.00E-01
2.71E-01,1.52,2.71E-01,8.00E-01
2.71E-01,1.52,2.71E-01,8.00E-01
2.72E-01,1.52,2.72E-01,8.80E-01
2.72E-01,1.52,2.72E-01,8.80E-01
2.72E-01,1.5999999,2.72E-01,8.80E-01
2.73E-01,1.5999999,2.73E-01,9.60E-01
2.73E-01,1.6799999,2.73E-01,9.60E-01
2.74E-01,1.6799999,2.74E-01,9.60E-01
2.74E-01,1.6799999,2.74E-01,9.60E-01
2.74E-01,1.6799999,2.74E-01,9.60E-01
2.75E-01,1.6799999,2.75E-01,9.60E-01
2.75E-01,1.6799999,2.75E-01,1.04
2.76E-01,1.6799999,2.76E-01,9.60E-01
2.76E-01,1.76,2.76E-01,1.04
2.76E-01,1.8399999,2.76E-01,1.04
2.77E-01,1.8399999,2.77E-01,1.12
2.77E-01,1.76,2.77E-01,1.04
2.78E-01,1.8399999,2.78E-01,1.12
2.78E-01,1.8399999,2.78E-01,1.12
2.78E-01,1.8399999,2.78E-01,1.12
2.79E-01,1.8399999,2.79E-01,1.12
2.79E-01,1.92,2.79E-01,1.1999999
2.80E-01,1.92,2.80E-01,1.1999999
2.80E-01,1.92,2.80E-01,1.1999999
2.80E-01,1.92,2.80E-01,1.1999999
2.81E-01,2,2.81E-01,1.1999999
2.81E-01,2,2.81E-01,1.28
2.82E-01,2,2.82E-01,1.28
2.82E-01,2.0799999,2.82E-01,1.28
2.82E-01,2.0799999,2.82E-01,1.36
2.83E-01,2,2.83E-01,1.36
2.83E-01,2.0799999,2.83E-01,1.36
2.84E-01,2.0799999,2.84E-01,1.36
2.84E-01,2.0799999,2.84E-01,1.4399999
2.84E-01,2.0799999,2.84E-01,1.4399999
2.85E-01,2.1599998,2.85E-01,1.4399999
2.85E-01,2.1599998,2.85E-01,1.4399999
2.86E-01,2.1599998,2.86E-01,1.4399999
2.86E-01,2.24,2.86E-01,1.4399999
2.86E-01,2.24,2.86E-01,1.4399999
2.87E-01,2.24,2.87E-01,1.52
2.87E-01,2.24,2.87E-01,1.52
2.88E-01,2.3199999,2.88E-01,1.5999999
2.88E-01,2.3199999,2.88E-01,1.5999999
2.88E-01,2.3199999,2.88E-01,1.5999999
2.89E-01,2.3199999,2.89E-01,1.5999999
2.89E-01,2.3199999,2.89E-01,1.5999999
2.90E-01,2.3199999,2.90E-01,1.5999999
2.90E-01,2.3999999,2.90E-01,1.5999999
2.90E-01,2.3999999,2.90E-01,1.6799999
2.91E-01,2.3999999,2.91E-01,1.76
2.91E-01,2.3999999,2.91E-01,1.76
2.92E-01,2.48,2.92E-01,1.76
2.92E-01,2.48,2.92E-01,1.76
2.92E-01,2.48,2.92E-01,1.76
2.93E-01,2.5599999,2.93E-01,1.76
2.93E-01,2.48,2.93E-01,1.8399999
2.94E-01,2.5599999,2.94E-01,1.8399999
2.94E-01,2.5599999,2.94E-01,1.76
2.94E-01,2.5599999,2.94E-01,1.8399999
2.95E-01,2.6399999,2.95E-01,1.8399999
2.95E-01,2.6399999,2.95E-01,1.8399999
2.96E-01,2.6399999,2.96E-01,1.92
2.96E-01,2.6399999,2.96E-01,1.92
2.96E-01,2.6399999,2.96E-01,1.92
2.97E-01,2.6399999,2.97E-01,2
2.97E-01,2.72000003,2.97E-01,2
2.98E-01,2.72000003,2.98E-01,1.92
2.98E-01,2.72000003,2.98E-01,2.0799999
2.98E-01,2.79999995,2.98E-01,2
2.99E-01,2.79999995,2.99E-01,2.0799999
2.99E-01,2.79999995,2.99E-01,2.0799999
3.00E-01,2.79999995,3.00E-01,2.0799999
3.00E-01,2.87999988,3.00E-01,2.1599998
3.00E-01,2.87999988,3.00E-01,2.1599998
3.01E-01,2.87999988,3.01E-01,2.1599998
3.01E-01,2.87999988,3.01E-01,2.1599998
3.02E-01,2.87999988,3.02E-01,2.1599998
3.02E-01,2.96000004,3.02E-01,2.1599998
3.02E-01,2.96000004,3.02E-01,2.24
3.03E-01,2.96000004,3.03E-01,2.24
3.03E-01,3.03999996,3.03E-01,2.24
3.04E-01,3.03999996,3.04E-01,2.24
3.04E-01,3.03999996,3.04E-01,2.3199999
3.04E-01,3.03999996,3.04E-01,2.3199999
3.05E-01,3.03999996,3.05E-01,2.3199999
3.05E-01,3.03999996,3.05E-01,2.3199999
3.06E-01,3.03999996,3.06E-01,2.3199999
3.06E-01,3.11999989,3.06E-01,2.3999999
3.06E-01,3.11999989,3.06E-01,2.3999999
3.07E-01,3.19999981,3.07E-01,2.3999999
3.07E-01,3.11999989,3.07E-01,2.3999999
3.08E-01,3.19999981,3.08E-01,2.3999999
3.08E-01,3.19999981,3.08E-01,2.48
3.08E-01,3.19999981,3.08E-01,2.48
3.09E-01,3.19999981,3.09E-01,2.48
3.09E-01,3.27999997,3.09E-01,2.5599999
3.10E-01,3.27999997,3.10E-01,2.48
3.10E-01,3.27999997,3.10E-01,2.48
3.10E-01,3.27999997,3.10E-01,2.48
3.11E-01,3.27999997,3.11E-01,2.5599999
3.11E-01,3.3599999,3.11E-01,2.6399999
3.12E-01,3.3599999,3.12E-01,2.5599999
3.12E-01,3.3599999,3.12E-01,2.6399999
3.12E-01,3.3599999,3.12E-01,2.6399999
3.13E-01,3.43999982,3.13E-01,2.6399999
3.13E-01,3.3599999,3.13E-01,2.72000003
3.14E-01,3.43999982,3.14E-01,2.72000003
3.14E-01,3.43999982,3.14E-01,2.6399999
3.14E-01,3.51999998,3.14E-01,2.72000003
3.15E-01,3.51999998,3.15E-01,2.72000003
3.15E-01,3.51999998,3.15E-01,2.72000003
3.16E-01,3.51999998,3.16E-01,2.72000003
3.16E-01,3.5999999,3.16E-01,2.79999995
3.16E-01,3.5999999,3.16E-01,2.79999995
3.17E-01,3.51999998,3.17E-01,2.72000003
3.17E-01,3.51999998,3.17E-01,2.79999995
3.18E-01,3.51999998,3.18E-01,2.72000003
3.18E-01,3.43999982,3.18E-01,2.72000003
3.18E-01,3.43999982,3.18E-01,2.72000003
3.19E-01,3.43999982,3.19E-01,2.6399999
3.19E-01,3.43999982,3.19E-01,2.6399999
3.20E-01,3.3599999,3.20E-01,2.6399999
3.20E-01,3.3599999,3.20E-01,2.6399999
3.20E-01,3.3599999,3.20E-01,2.6399999
3.21E-01,3.3599999,3.21E-01,2.6399999
3.21E-01,3.3599999,3.21E-01,2.5599999
3.22E-01,3.27999997,3.22E-01,2.5599999
3.22E-01,3.27999997,3.22E-01,2.48
3.22E-01,3.27999997,3.22E-01,2.5599999
3.23E-01,3.19999981,3.23E-01,2.48
3.23E-01,3.27999997,3.23E-01,2.48
3.24E-01,3.19999981,3.24E-01,2.48
3.24E-01,3.19999981,3.24E-01,2.3999999
3.24E-01,3.19999981,3.24E-01,2.3999999
3.25E-01,3.19999981,3.25E-01,2.3999999
3.25E-01,3.19999981,3.25E-01,2.3999999
3.26E-01,3.11999989,3.26E-01,2.3999999
3.26E-01,3.11999989,3.26E-01,2.3999999
3.26E-01,3.11999989,3.26E-01,2.3999999
3.27E-01,3.03999996,3.27E-01,2.3199999
3.27E-01,3.03999996,3.27E-01,2.3199999
3.28E-01,3.03999996,3.28E-01,2.3199999
3.28E-01,3.03999996,3.28E-01,2.24
3.28E-01,3.03999996,3.28E-01,2.24
3.29E-01,3.03999996,3.29E-01,2.24
3.29E-01,2.96000004,3.29E-01,2.24
3.30E-01,3.03999996,3.30E-01,2.24
3.30E-01,2.96000004,3.30E-01,2.1599998
3.30E-01,2.96000004,3.30E-01,2.24
3.31E-01,2.96000004,3.31E-01,2.1599998
3.31E-01,2.87999988,3.31E-01,2.1599998
3.32E-01,2.87999988,3.32E-01,2.0799999
3.32E-01,2.79999995,3.32E-01,2.0799999
3.32E-01,2.87999988,3.32E-01,2.0799999
3.33E-01,2.87999988,3.33E-01,2.0799999
3.33E-01,2.79999995,3.33E-01,2.0799999
3.34E-01,2.72000003,3.34E-01,2.0799999
3.34E-01,2.72000003,3.34E-01,2
3.34E-01,2.72000003,3.34E-01,2
3.35E-01,2.72000003,3.35E-01,2
3.35E-01,2.72000003,3.35E-01,1.92
3.36E-01,2.6399999,3.36E-01,1.92
3.36E-01,2.6399999,3.36E-01,1.92
3.36E-01,2.6399999,3.36E-01,1.92
3.37E-01,2.6399999,3.37E-01,1.92
3.37E-01,2.6399999,3.37E-01,1.8399999
3.38E-01,2.6399999,3.38E-01,1.8399999
3.38E-01,2.5599999,3.38E-01,1.8399999
3.38E-01,2.5599999,3.38E-01,1.8399999
3.39E-01,2.5599999,3.39E-01,1.76
3.39E-01,2.48,3.39E-01,1.76
3.40E-01,2.48,3.40E-01,1.76
3.40E-01,2.48,3.40E-01,1.76
3.40E-01,2.48,3.40E-01,1.76
3.41E-01,2.3999999,3.41E-01,1.6799999
3.41E-01,2.48,3.41E-01,1.6799999
3.42E-01,2.3999999,3.42E-01,1.6799999
3.42E-01,2.3199999,3.42E-01,1.6799999
3.42E-01,2.3199999,3.42E-01,1.5999999
3.43E-01,2.3199999,3.43E-01,1.5999999
3.43E-01,2.3199999,3.43E-01,1.6799999
3.44E-01,2.3199999,3.44E-01,1.5999999
3.44E-01,2.3199999,3.44E-01,1.5999999
3.44E-01,2.3199999,3.44E-01,1.5999999
3.45E-01,2.3199999,3.45E-01,1.52
3.45E-01,2.24,3.45E-01,1.52
3.46E-01,2.24,3.46E-01,1.52
3.46E-01,2.1599998,3.46E-01,1.52
3.46E-01,2.1599998,3.46E-01,1.52
3.47E-01,2.1599998,3.47E-01,1.4399999
3.47E-01,2.1599998,3.47E-01,1.4399999
3.48E-01,2.0799999,3.48E-01,1.4399999
3.48E-01,2.0799999,3.48E-01,1.4399999
3.48E-01,2.0799999,3.48E-01,1.36
3.49E-01,2.0799999,3.49E-01,1.36
3.49E-01,2.0799999,3.49E-01,1.36
3.50E-01,2,3.50E-01,1.28
3.50E-01,2,3.50E-01,1.28
3.50E-01,2,3.50E-01,1.28
3.51E-01,2,3.51E-01,1.28
3.51E-01,2,3.51E-01,1.28
3.52E-01,1.92,3.52E-01,1.28
3.52E-01,2,3.52E-01,1.1999999
3.52E-01,1.92,3.52E-01,1.1999999
3.53E-01,1.92,3.53E-01,1.1999999
3.53E-01,1.92,3.53E-01,1.1999999
3.54E-01,1.8399999,3.54E-01,1.12
3.54E-01,1.8399999,3.54E-01,1.12
3.54E-01,1.8399999,3.54E-01,1.12
3.55E-01,1.8399999,3.55E-01,1.04
3.55E-01,1.76,3.55E-01,1.04
3.56E-01,1.76,3.56E-01,1.04
3.56E-01,1.8399999,3.56E-01,1.04
3.56E-01,1.76,3.56E-01,1.04
3.57E-01,1.76,3.57E-01,1.04
3.57E-01,1.6799999,3.57E-01,1.04
3.58E-01,1.6799999,3.58E-01,1.04
3.58E-01,1.6799999,3.58E-01,1.04
3.58E-01,1.6799999,3.58E-01,9.60E-01
3.59E-01,1.6799999,3.59E-01,9.60E-01
3.59E-01,1.6799999,3.59E-01,8.80E-01
3.60E-01,1.5999999,3.60E-01,8.80E-01
3.60E-01,1.5999999,3.60E-01,8.80E-01
3.60E-01,1.52,3.60E-01,8.80E-01
3.61E-01,1.52,3.61E-01,8.80E-01
3.61E-01,1.52,3.61E-01,8.00E-01
3.62E-01,1.4399999,3.62E-01,8.00E-01
3.62E-01,1.52,3.62E-01,8.00E-01
3.62E-01,1.4399999,3.62E-01,8.00E-01
3.63E-01,1.52,3.63E-01,7.20E-01
3.63E-01,1.4399999,3.63E-01,7.20E-01
3.64E-01,1.4399999,3.64E-01,7.20E-01
3.64E-01,1.4399999,3.64E-01,7.20E-01
3.64E-01,1.36,3.64E-01,6.40E-01
3.65E-01,1.36,3.65E-01,6.40E-01
3.65E-01,1.28,3.65E-01,6.40E-01
3.66E-01,1.28,3.66E-01,6.40E-01
3.66E-01,1.28,3.66E-01,5.60E-01
3.66E-01,1.28,3.66E-01,5.60E-01
3.67E-01,1.28,3.67E-01,5.60E-01
3.67E-01,1.28,3.67E-01,5.60E-01
3.68E-01,1.28,3.68E-01,5.60E-01
3.68E-01,1.28,3.68E-01,5.60E-01
3.68E-01,1.1999999,3.68E-01,4.80E-01
3.69E-01,1.1999999,3.69E-01,4.80E-01
3.69E-01,1.1999999,3.69E-01,4.80E-01
3.70E-01,1.12,3.70E-01,4.00E-01
3.70E-01,1.12,3.70E-01,4.00E-01
3.70E-01,1.12,3.70E-01,4.00E-01
3.71E-01,1.12,3.71E-01,4.00E-01
3.71E-01,1.12,3.71E-01,4.00E-01
3.72E-01,1.12,3.72E-01,3.20E-01
3.72E-01,1.04,3.72E-01,3.20E-01
3.72E-01,1.04,3.72E-01,3.20E-01
3.73E-01,9.60E-01,3.73E-01,3.20E-01
3.73E-01,9.60E-01,3.73E-01,3.20E-01
3.74E-01,9.60E-01,3.74E-01,3.20E-01
3.74E-01,9.60E-01,3.74E-01,2.40E-01
3.74E-01,9.60E-01,3.74E-01,2.40E-01
3.75E-01,8.80E-01,3.75E-01,2.40E-01
3.75E-01,8.80E-01,3.75E-01,2.40E-01
3.76E-01,8.80E-01,3.76E-01,2.40E-01
3.76E-01,8.80E-01,3.76E-01,1.60E-01
3.76E-01,8.00E-01,3.76E-01,2.40E-01
3.77E-01,8.00E-01,3.77E-01,1.60E-01
3.77E-01,8.00E-01,3.77E-01,1.60E-01
3.78E-01,7.20E-01,3.78E-01,8.00E-02
3.78E-01,7.20E-01,3.78E-01,1.60E-01
3.78E-01,7.20E-01,3.78E-01,8.00E-02
3.79E-01,7.20E-01,3.79E-01,8.00E-02
3.79E-01,6.40E-01,3.79E-01,8.00E-02
3.80E-01,5.60E-01,3.80E-01,8.00E-02
3.80E-01,6.40E-01,3.80E-01,8.00E-02
3.80E-01,5.60E-01,3.80E-01,8.00E-02
3.81E-01,5.60E-01,3.81E-01,8.00E-02
3.81E-01,5.60E-01,3.81E-01,8.00E-02
3.82E-01,4.80E-01,3.82E-01,8.00E-02
3.82E-01,5.60E-01,3.82E-01,8.00E-02
3.82E-01,4.80E-01,3.82E-01,8.00E-02
3.83E-01,4.80E-01,3.83E-01,8.00E-02
3.83E-01,4.00E-01,3.83E-01,8.00E-02
3.84E-01,4.00E-01,3.84E-01,8.00E-02
3.84E-01,4.00E-01,3.84E-01,8.00E-02
3.84E-01,3.20E-01,3.84E-01,8.00E-02
3.85E-01,3.20E-01,3.85E-01,8.00E-02
3.85E-01,3.20E-01,3.85E-01,8.00E-02
3.86E-01,2.40E-01,3.86E-01,8.00E-02
3.86E-01,1.60E-01,3.86E-01,8.00E-02
3.86E-01,1.60E-01,3.86E-01,8.00E-02
3.87E-01,1.60E-01,3.87E-01,8.00E-02
3.87E-01,1.60E-01,3.87E-01,8.00E-02
3.88E-01,8.00E-02,3.88E-01,8.00E-02
3.88E-01,0,3.88E-01,8.00E-02
3.88E-01,0,3.88E-01,8.00E-02
3.89E-01,0,3.89E-01,8.00E-02
3.89E-01,0,3.89E-01,0
3.90E-01,-8.00E-02,3.90E-01,8.00E-02
3.90E-01,-8.00E-02,3.90E-01,8.00E-02
3.90E-01,-8.00E-02,3.90E-01,8.00E-02
3.91E-01,-1.60E-01,3.91E-01,8.00E-02
3.91E-01,-1.60E-01,3.91E-01,8.00E-02
3.92E-01,-1.60E-01,3.92E-01,8.00E-02
3.92E-01,-2.40E-01,3.92E-01,8.00E-02
3.92E-01,-2.40E-01,3.92E-01,8.00E-02
3.93E-01,-2.40E-01,3.93E-01,8.00E-02
3.93E-01,-3.20E-01,3.93E-01,8.00E-02
3.94E-01,-3.20E-01,3.94E-01,8.00E-02
3.94E-01,-4.00E-01,3.94E-01,8.00E-02
3.94E-01,-4.00E-01,3.94E-01,8.00E-02
3.95E-01,-4.00E-01,3.95E-01,8.00E-02
3.95E-01,-4.00E-01,3.95E-01,8.00E-02
3.96E-01,-4.80E-01,3.96E-01,8.00E-02
3.96E-01,-5.60E-01,3.96E-01,8.00E-02
3.96E-01,-5.60E-01,3.96E-01,8.00E-02
3.97E-01,-5.60E-01,3.97E-01,8.00E-02
3.97E-01,-5.60E-01,3.97E-01,0
3.98E-01,-6.40E-01,3.98E-01,8.00E-02
3.98E-01,-6.40E-01,3.98E-01,0
3.98E-01,-7.20E-01,3.98E-01,8.00E-02
3.99E-01,-7.20E-01,3.99E-01,8.00E-02
3.99E-01,-7.20E-01,3.99E-01,8.00E-02
4.00E-01,-8.00E-01,4.00E-01,8.00E-02
4.00E-01,-8.00E-01,4.00E-01,8.00E-02
4.00E-01,-8.00E-01,4.00E-01,8.00E-02
4.01E-01,-8.80E-01,4.01E-01,8.00E-02
4.01E-01,-8.80E-01,4.01E-01,8.00E-02
4.02E-01,-9.60E-01,4.02E-01,8.00E-02
4.02E-01,-9.60E-01,4.02E-01,0
4.02E-01,-9.60E-01,4.02E-01,8.00E-02
4.03E-01,-1.04,4.03E-01,8.00E-02
4.03E-01,-1.04,4.03E-01,8.00E-02
4.04E-01,-1.04,4.04E-01,8.00E-02
4.04E-01,-1.12,4.04E-01,8.00E-02
4.04E-01,-1.12,4.04E-01,8.00E-02
4.05E-01,-1.12,4.05E-01,8.00E-02
4.05E-01,-1.1999999,4.05E-01,8.00E-02
4.06E-01,-1.1999999,4.06E-01,8.00E-02
4.06E-01,-1.28,4.06E-01,8.00E-02
4.06E-01,-1.28,4.06E-01,8.00E-02
4.07E-01,-1.28,4.07E-01,8.00E-02
4.07E-01,-1.36,4.07E-01,0
4.08E-01,-1.28,4.08E-01,8.00E-02
4.08E-01,-1.36,4.08E-01,8.00E-02
4.08E-01,-1.4399999,4.08E-01,8.00E-02
4.09E-01,-1.4399999,4.09E-01,8.00E-02
4.09E-01,-1.52,4.09E-01,8.00E-02
4.10E-01,-1.52,4.10E-01,8.00E-02
4.10E-01,-1.52,4.10E-01,8.00E-02
4.10E-01,-1.52,4.10E-01,0
4.11E-01,-1.5999999,4.11E-01,0
4.11E-01,-1.5999999,4.11E-01,8.00E-02
4.12E-01,-1.5999999,4.12E-01,0
4.12E-01,-1.6799999,4.12E-01,8.00E-02
4.12E-01,-1.76,4.12E-01,8.00E-02
4.13E-01,-1.76,4.13E-01,8.00E-02
4.13E-01,-1.76,4.13E-01,8.00E-02
4.14E-01,-1.76,4.14E-01,8.00E-02
4.14E-01,-1.76,4.14E-01,8.00E-02
4.14E-01,-1.8399999,4.14E-01,8.00E-02
4.15E-01,-1.92,4.15E-01,8.00E-02
4.15E-01,-1.92,4.15E-01,8.00E-02
4.16E-01,-1.92,4.16E-01,8.00E-02
4.16E-01,-1.92,4.16E-01,0
4.16E-01,-2,4.16E-01,8.00E-02
4.17E-01,-1.92,4.17E-01,8.00E-02
4.17E-01,-1.92,4.17E-01,8.00E-02
4.18E-01,-1.8399999,4.18E-01,0
4.18E-01,-1.8399999,4.18E-01,8.00E-02
4.18E-01,-1.76,4.18E-01,8.00E-02
4.19E-01,-1.76,4.19E-01,8.00E-02
4.19E-01,-1.76,4.19E-01,8.00E-02
4.20E-01,-1.76,4.20E-01,8.00E-02
4.20E-01,-1.76,4.20E-01,8.00E-02
4.20E-01,-1.5999999,4.20E-01,8.00E-02
4.21E-01,-1.6799999,4.21E-01,8.00E-02
4.21E-01,-1.6799999,4.21E-01,8.00E-02
4.22E-01,-1.52,4.22E-01,8.00E-02
4.22E-01,-1.52,4.22E-01,8.00E-02
4.22E-01,-1.52,4.22E-01,8.00E-02
4.23E-01,-1.52,4.23E-01,8.00E-02
4.23E-01,-1.4399999,4.23E-01,8.00E-02
4.24E-01,-1.52,4.24E-01,8.00E-02
4.24E-01,-1.4399999,4.24E-01,8.00E-02
4.24E-01,-1.36,4.24E-01,8.00E-02
4.25E-01,-1.36,4.25E-01,8.00E-02
4.25E-01,-1.36,4.25E-01,0
4.26E-01,-1.28,4.26E-01,8.00E-02
4.26E-01,-1.28,4.26E-01,8.00E-02
4.26E-01,-1.1999999,4.26E-01,8.00E-02
4.27E-01,-1.1999999,4.27E-01,8.00E-02
4.27E-01,-1.12,4.27E-01,8.00E-02
4.28E-01,-1.12,4.28E-01,8.00E-02
4.28E-01,-1.12,4.28E-01,8.00E-02
4.28E-01,-1.12,4.28E-01,8.00E-02
4.29E-01,-1.04,4.29E-01,8.00E-02
4.29E-01,-1.04,4.29E-01,0
4.30E-01,-1.04,4.30E-01,8.00E-02
4.30E-01,-9.60E-01,4.30E-01,8.00E-02
4.30E-01,-9.60E-01,4.30E-01,8.00E-02
4.31E-01,-9.60E-01,4.31E-01,8.00E-02
4.31E-01,-8.80E-01,4.31E-01,0
4.32E-01,-8.00E-01,4.32E-01,8.00E-02
4.32E-01,-8.00E-01,4.32E-01,8.00E-02
4.32E-01,-8.00E-01,4.32E-01,8.00E-02
4.33E-01,-8.00E-01,4.33E-01,8.00E-02
4.33E-01,-7.20E-01,4.33E-01,8.00E-02
4.34E-01,-6.40E-01,4.34E-01,8.00E-02
4.34E-01,-6.40E-01,4.34E-01,8.00E-02
4.34E-01,-6.40E-01,4.34E-01,8.00E-02
4.35E-01,-6.40E-01,4.35E-01,0
4.35E-01,-5.60E-01,4.35E-01,8.00E-02
4.36E-01,-5.60E-01,4.36E-01,8.00E-02
4.36E-01,-5.60E-01,4.36E-01,8.00E-02
4.36E-01,-4.80E-01,4.36E-01,8.00E-02
4.37E-01,-4.80E-01,4.37E-01,8.00E-02
4.37E-01,-4.00E-01,4.37E-01,8.00E-02
4.38E-01,-4.00E-01,4.38E-01,8.00E-02
4.38E-01,-3.20E-01,4.38E-01,8.00E-02
4.38E-01,-4.00E-01,4.38E-01,8.00E-02
4.39E-01,-3.20E-01,4.39E-01,8.00E-02
4.39E-01,-3.20E-01,4.39E-01,8.00E-02
4.40E-01,-2.40E-01,4.40E-01,8.00E-02
4.40E-01,-2.40E-01,4.40E-01,8.00E-02
4.40E-01,-2.40E-01,4.40E-01,8.00E-02
4.41E-01,-1.60E-01,4.41E-01,8.00E-02
4.41E-01,-1.60E-01,4.41E-01,8.00E-02
4.42E-01,-1.60E-01,4.42E-01,8.00E-02
4.42E-01,-8.00E-02,4.42E-01,8.00E-02
4.42E-01,-8.00E-02,4.42E-01,8.00E-02
4.43E-01,-8.00E-02,4.43E-01,8.00E-02
4.43E-01,0,4.43E-01,8.00E-02
4.44E-01,0,4.44E-01,8.00E-02
4.44E-01,0,4.44E-01,8.00E-02
4.44E-01,8.00E-02,4.44E-01,0
4.45E-01,8.00E-02,4.45E-01,8.00E-02
4.45E-01,1.60E-01,4.45E-01,8.00E-02
4.46E-01,1.60E-01,4.46E-01,8.00E-02
4.46E-01,2.40E-01,4.46E-01,8.00E-02
4.46E-01,1.60E-01,4.46E-01,8.00E-02
4.47E-01,2.40E-01,4.47E-01,8.00E-02
4.47E-01,2.40E-01,4.47E-01,8.00E-02
4.48E-01,3.20E-01,4.48E-01,8.00E-02
4.48E-01,4.00E-01,4.48E-01,8.00E-02
4.48E-01,4.00E-01,4.48E-01,0
4.49E-01,4.00E-01,4.49E-01,8.00E-02
4.49E-01,4.80E-01,4.49E-01,8.00E-02
4.50E-01,4.80E-01,4.50E-01,8.00E-02
4.50E-01,4.80E-01,4.50E-01,8.00E-02
4.50E-01,4.80E-01,4.50E-01,8.00E-02
4.51E-01,5.60E-01,4.51E-01,8.00E-02
4.51E-01,5.60E-01,4.51E-01,8.00E-02
4.52E-01,5.60E-01,4.52E-01,8.00E-02
4.52E-01,6.40E-01,4.52E-01,8.00E-02
4.52E-01,6.40E-01,4.52E-01,8.00E-02
4.53E-01,6.40E-01,4.53E-01,8.00E-02
4.53E-01,7.20E-01,4.53E-01,8.00E-02
4.54E-01,7.20E-01,4.54E-01,8.00E-02
4.54E-01,7.20E-01,4.54E-01,8.00E-02
4.54E-01,7.20E-01,4.54E-01,1.60E-01
4.55E-01,8.00E-01,4.55E-01,8.00E-02
4.55E-01,8.00E-01,4.55E-01,8.00E-02
4.56E-01,8.00E-01,4.56E-01,1.60E-01
4.56E-01,8.00E-01,4.56E-01,1.60E-01
4.56E-01,8.80E-01,4.56E-01,1.60E-01
4.57E-01,8.80E-01,4.57E-01,2.40E-01
4.57E-01,8.80E-01,4.57E-01,2.40E-01
4.58E-01,9.60E-01,4.58E-01,2.40E-01
4.58E-01,9.60E-01,4.58E-01,2.40E-01
4.58E-01,9.60E-01,4.58E-01,3.20E-01
4.59E-01,9.60E-01,4.59E-01,2.40E-01
4.59E-01,1.04,4.59E-01,3.20E-01
4.60E-01,9.60E-01,4.60E-01,3.20E-01
4.60E-01,1.04,4.60E-01,3.20E-01
4.60E-01,1.04,4.60E-01,3.20E-01
4.61E-01,1.12,4.61E-01,3.20E-01
4.61E-01,1.12,4.61E-01,4.00E-01
4.62E-01,1.12,4.62E-01,4.00E-01
4.62E-01,1.12,4.62E-01,4.80E-01
4.62E-01,1.1999999,4.62E-01,4.80E-01
4.63E-01,1.1999999,4.63E-01,4.80E-01
4.63E-01,1.1999999,4.63E-01,4.80E-01
4.64E-01,1.1999999,4.64E-01,4.80E-01
4.64E-01,1.1999999,4.64E-01,5.60E-01
4.64E-01,1.1999999,4.64E-01,4.80E-01
4.65E-01,1.28,4.65E-01,5.60E-01
4.65E-01,1.28,4.65E-01,5.60E-01
4.66E-01,1.28,4.66E-01,6.40E-01
4.66E-01,1.28,4.66E-01,5.60E-01
4.66E-01,1.28,4.66E-01,6.40E-01
4.67E-01,1.28,4.67E-01,6.40E-01
4.67E-01,1.36,4.67E-01,6.40E-01
4.68E-01,1.28,4.68E-01,6.40E-01
4.68E-01,1.36,4.68E-01,6.40E-01
4.68E-01,1.4399999,4.68E-01,7.20E-01
4.69E-01,1.4399999,4.69E-01,7.20E-01
4.69E-01,1.4399999,4.69E-01,7.20E-01
4.70E-01,1.4399999,4.70E-01,7.20E-01
4.70E-01,1.4399999,4.70E-01,7.20E-01
4.70E-01,1.52,4.70E-01,8.00E-01
4.71E-01,1.52,4.71E-01,8.00E-01
4.71E-01,1.52,4.71E-01,8.00E-01
4.72E-01,1.52,4.72E-01,8.80E-01
4.72E-01,1.52,4.72E-01,8.80E-01
4.72E-01,1.5999999,4.72E-01,8.80E-01
4.73E-01,1.5999999,4.73E-01,8.80E-01
4.73E-01,1.5999999,4.73E-01,9.60E-01
4.74E-01,1.6799999,4.74E-01,9.60E-01
4.74E-01,1.6799999,4.74E-01,9.60E-01
4.74E-01,1.6799999,4.74E-01,9.60E-01
4.75E-01,1.6799999,4.75E-01,1.04
4.75E-01,1.6799999,4.75E-01,1.04
4.76E-01,1.76,4.76E-01,1.04
4.76E-01,1.76,4.76E-01,1.04
4.76E-01,1.76,4.76E-01,1.04
4.77E-01,1.76,4.77E-01,1.04
4.77E-01,1.8399999,4.77E-01,1.12
4.78E-01,1.8399999,4.78E-01,1.12
4.78E-01,1.8399999,4.78E-01,1.12
4.78E-01,1.8399999,4.78E-01,1.12
4.79E-01,1.92,4.79E-01,1.12
4.79E-01,1.8399999,4.79E-01,1.1999999
4.80E-01,1.92,4.80E-01,1.1999999
4.80E-01,1.92,4.80E-01,1.1999999
4.80E-01,1.92,4.80E-01,1.28
4.81E-01,2,4.81E-01,1.28
4.81E-01,2,4.81E-01,1.28
4.82E-01,1.92,4.82E-01,1.28
4.82E-01,2,4.82E-01,1.28
4.82E-01,2,4.82E-01,1.28
4.83E-01,2.0799999,4.83E-01,1.28
4.83E-01,2.0799999,4.83E-01,1.36
4.84E-01,2.0799999,4.84E-01,1.36
4.84E-01,2.1599998,4.84E-01,1.36
4.84E-01,2.0799999,4.84E-01,1.36
4.85E-01,2.1599998,4.85E-01,1.4399999
4.85E-01,2.1599998,4.85E-01,1.4399999
4.86E-01,2.1599998,4.86E-01,1.4399999
4.86E-01,2.1599998,4.86E-01,1.4399999
4.86E-01,2.24,4.86E-01,1.52
4.87E-01,2.24,4.87E-01,1.52
4.87E-01,2.24,4.87E-01,1.5999999
4.88E-01,2.3199999,4.88E-01,1.52
4.88E-01,2.3199999,4.88E-01,1.5999999
4.88E-01,2.3199999,4.88E-01,1.5999999
4.89E-01,2.3199999,4.89E-01,1.5999999
4.89E-01,2.3999999,4.89E-01,1.5999999
4.90E-01,2.3999999,4.90E-01,1.5999999
4.90E-01,2.3999999,4.90E-01,1.6799999
4.90E-01,2.3999999,4.90E-01,1.6799999
4.91E-01,2.48,4.91E-01,1.6799999
4.91E-01,2.3999999,4.91E-01,1.76
4.92E-01,2.48,4.92E-01,1.76
4.92E-01,2.48,4.92E-01,1.76
4.92E-01,2.48,4.92E-01,1.76
4.93E-01,2.48,4.93E-01,1.76
4.93E-01,2.5599999,4.93E-01,1.76
4.94E-01,2.5599999,4.94E-01,1.8399999
4.94E-01,2.6399999,4.94E-01,1.8399999
4.94E-01,2.5599999,4.94E-01,1.8399999
4.95E-01,2.5599999,4.95E-01,1.8399999
4.95E-01,2.6399999,4.95E-01,1.8399999
4.96E-01,2.6399999,4.96E-01,1.92
4.96E-01,2.6399999,4.96E-01,1.92
4.96E-01,2.6399999,4.96E-01,1.92
4.97E-01,2.72000003,4.97E-01,2
4.97E-01,2.72000003,4.97E-01,2
4.98E-01,2.72000003,4.98E-01,2
4.98E-01,2.72000003,4.98E-01,2
4.98E-01,2.72000003,4.98E-01,2
4.99E-01,2.79999995,4.99E-01,2
4.99E-01,2.79999995,4.99E-01,2.0799999
5.00E-01,2.79999995,5.00E-01,2.0799999
5.00E-01,2.87999988,5.00E-01,2.0799999
5.00E-01,2.87999988,5.00E-01,2.0799999
5.01E-01,2.87999988,5.01E-01,2.1599998
5.01E-01,2.79999995,5.01E-01,2.1599998
5.02E-01,2.87999988,5.02E-01,2.1599998
5.02E-01,2.96000004,5.02E-01,2.1599998
5.02E-01,2.96000004,5.02E-01,2.24
5.03E-01,2.96000004,5.03E-01,2.24
5.03E-01,2.96000004,5.03E-01,2.24
5.04E-01,3.03999996,5.04E-01,2.24
5.04E-01,3.03999996,5.04E-01,2.3199999
5.04E-01,3.03999996,5.04E-01,2.3199999
5.05E-01,3.03999996,5.05E-01,2.3199999
5.05E-01,3.03999996,5.05E-01,2.3199999
5.06E-01,3.03999996,5.06E-01,2.3199999
5.06E-01,3.11999989,5.06E-01,2.3199999
5.06E-01,3.11999989,5.06E-01,2.3999999
5.07E-01,3.11999989,5.07E-01,2.3199999
5.07E-01,3.19999981,5.07E-01,2.3999999
5.08E-01,3.19999981,5.08E-01,2.3999999
5.08E-01,3.19999981,5.08E-01,2.3999999
5.08E-01,3.19999981,5.08E-01,2.3999999
5.09E-01,3.19999981,5.09E-01,2.48
5.09E-01,3.27999997,5.09E-01,2.48
5.10E-01,3.27999997,5.10E-01,2.48
5.10E-01,3.27999997,5.10E-01,2.48
5.10E-01,3.27999997,5.10E-01,2.5599999
5.11E-01,3.27999997,5.11E-01,2.5599999
5.11E-01,3.3599999,5.11E-01,2.5599999
5.12E-01,3.3599999,5.12E-01,2.5599999
5.12E-01,3.3599999,5.12E-01,2.5599999
5.12E-01,3.3599999,5.12E-01,2.6399999
5.13E-01,3.3599999,5.13E-01,2.72000003
5.13E-01,3.43999982,5.13E-01,2.72000003
5.14E-01,3.43999982,5.14E-01,2.72000003
5.14E-01,3.51999998,5.14E-01,2.72000003
5.14E-01,3.51999998,5.14E-01,2.72000003
5.15E-01,3.51999998,5.15E-01,2.72000003
5.15E-01,3.51999998,5.15E-01,2.72000003
5.16E-01,3.51999998,5.16E-01,2.72000003
5.16E-01,3.5999999,5.16E-01,2.79999995
5.16E-01,3.51999998,5.16E-01,2.79999995
5.17E-01,3.51999998,5.17E-01,2.72000003
5.17E-01,3.51999998,5.17E-01,2.79999995
5.18E-01,3.51999998,5.18E-01,2.72000003
5.18E-01,3.51999998,5.18E-01,2.72000003
5.18E-01,3.43999982,5.18E-01,2.72000003
5.19E-01,3.43999982,5.19E-01,2.6399999
5.19E-01,3.43999982,5.19E-01,2.6399999
5.20E-01,3.43999982,5.20E-01,2.6399999
5.20E-01,3.3599999,5.20E-01,2.6399999
5.20E-01,3.3599999,5.20E-01,2.5599999
5.21E-01,3.3599999,5.21E-01,2.5599999
5.21E-01,3.3599999,5.21E-01,2.5599999
5.22E-01,3.3599999,5.22E-01,2.5599999
5.22E-01,3.27999997,5.22E-01,2.48
5.22E-01,3.27999997,5.22E-01,2.48
5.23E-01,3.27999997,5.23E-01,2.48
5.23E-01,3.27999997,5.23E-01,2.48
5.24E-01,3.19999981,5.24E-01,2.3999999
5.24E-01,3.19999981,5.24E-01,2.3999999
5.24E-01,3.19999981,5.24E-01,2.48
5.25E-01,3.19999981,5.25E-01,2.3999999
5.25E-01,3.19999981,5.25E-01,2.3999999
5.26E-01,3.11999989,5.26E-01,2.3999999
5.26E-01,3.11999989,5.26E-01,2.3999999
5.26E-01,3.03999996,5.26E-01,2.3999999
5.27E-01,3.03999996,5.27E-01,2.3199999
5.27E-01,3.03999996,5.27E-01,2.3199999
5.28E-01,3.03999996,5.28E-01,2.3199999
5.28E-01,3.03999996,5.28E-01,2.3199999
5.28E-01,3.03999996,5.28E-01,2.24
5.29E-01,2.96000004,5.29E-01,2.24
5.29E-01,2.96000004,5.29E-01,2.24
5.30E-01,2.96000004,5.30E-01,2.24
5.30E-01,2.96000004,5.30E-01,2.24
5.30E-01,2.96000004,5.30E-01,2.1599998
5.31E-01,2.96000004,5.31E-01,2.24
5.31E-01,2.79999995,5.31E-01,2.1599998
5.32E-01,2.87999988,5.32E-01,2.1599998
5.32E-01,2.87999988,5.32E-01,2.0799999
5.32E-01,2.79999995,5.32E-01,2.0799999
5.33E-01,2.79999995,5.33E-01,2.0799999
5.33E-01,2.72000003,5.33E-01,2.0799999
5.34E-01,2.79999995,5.34E-01,2
5.34E-01,2.79999995,5.34E-01,2
5.34E-01,2.72000003,5.34E-01,2
5.35E-01,2.72000003,5.35E-01,2
5.35E-01,2.72000003,5.35E-01,1.92
5.36E-01,2.6399999,5.36E-01,1.92
5.36E-01,2.6399999,5.36E-01,1.92
5.36E-01,2.6399999,5.36E-01,1.92
5.37E-01,2.6399999,5.37E-01,1.8399999
5.37E-01,2.6399999,5.37E-01,1.8399999
5.38E-01,2.6399999,5.38E-01,1.8399999
5.38E-01,2.5599999,5.38E-01,1.8399999
5.38E-01,2.5599999,5.38E-01,1.8399999
5.39E-01,2.5599999,5.39E-01,1.76
5.39E-01,2.48,5.39E-01,1.8399999
5.40E-01,2.48,5.40E-01,1.76
5.40E-01,2.5599999,5.40E-01,1.76
5.40E-01,2.48,5.40E-01,1.76
5.41E-01,2.3999999,5.41E-01,1.76
5.41E-01,2.3999999,5.41E-01,1.6799999
5.42E-01,2.3999999,5.42E-01,1.6799999
5.42E-01,2.3999999,5.42E-01,1.6799999
5.42E-01,2.3199999,5.42E-01,1.6799999
5.43E-01,2.3999999,5.43E-01,1.5999999
5.43E-01,2.3199999,5.43E-01,1.5999999
5.44E-01,2.3199999,5.44E-01,1.5999999
5.44E-01,2.24,5.44E-01,1.5999999
5.44E-01,2.3199999,5.44E-01,1.52
5.45E-01,2.24,5.45E-01,1.52
5.45E-01,2.24,5.45E-01,1.52
5.46E-01,2.24,5.46E-01,1.52
5.46E-01,2.24,5.46E-01,1.52
5.46E-01,2.1599998,5.46E-01,1.4399999
5.47E-01,2.1599998,5.47E-01,1.4399999
5.47E-01,2.1599998,5.47E-01,1.4399999
5.48E-01,2.0799999,5.48E-01,1.4399999
5.48E-01,2.1599998,5.48E-01,1.4399999
5.48E-01,2.0799999,5.48E-01,1.36
5.49E-01,2.0799999,5.49E-01,1.36
5.49E-01,2.0799999,5.49E-01,1.28
5.50E-01,2,5.50E-01,1.36
5.50E-01,2,5.50E-01,1.28
5.50E-01,2,5.50E-01,1.28
5.51E-01,2,5.51E-01,1.28
5.51E-01,2,5.51E-01,1.1999999
5.52E-01,2,5.52E-01,1.28
5.52E-01,1.92,5.52E-01,1.1999999
5.52E-01,2,5.52E-01,1.1999999
5.53E-01,1.92,5.53E-01,1.1999999
5.53E-01,1.92,5.53E-01,1.12
5.54E-01,1.8399999,5.54E-01,1.12
5.54E-01,1.8399999,5.54E-01,1.12
5.54E-01,1.8399999,5.54E-01,1.12
5.55E-01,1.8399999,5.55E-01,1.12
5.55E-01,1.76,5.55E-01,1.04
5.56E-01,1.8399999,5.56E-01,1.04
5.56E-01,1.8399999,5.56E-01,1.04
5.56E-01,1.76,5.56E-01,1.04
5.57E-01,1.6799999,5.57E-01,1.04
5.57E-01,1.76,5.57E-01,1.04
5.58E-01,1.6799999,5.58E-01,1.04
5.58E-01,1.6799999,5.58E-01,9.60E-01
5.58E-01,1.6799999,5.58E-01,9.60E-01
5.59E-01,1.6799999,5.59E-01,9.60E-01
5.59E-01,1.5999999,5.59E-01,9.60E-01
5.60E-01,1.5999999,5.60E-01,8.80E-01
5.60E-01,1.5999999,5.60E-01,8.80E-01
5.60E-01,1.5999999,5.60E-01,8.80E-01
5.61E-01,1.52,5.61E-01,8.00E-01
5.61E-01,1.52,5.61E-01,8.00E-01
5.62E-01,1.5999999,5.62E-01,8.00E-01
5.62E-01,1.4399999,5.62E-01,8.00E-01
5.62E-01,1.52,5.62E-01,7.20E-01
5.63E-01,1.52,5.63E-01,7.20E-01
5.63E-01,1.52,5.63E-01,7.20E-01
5.64E-01,1.4399999,5.64E-01,7.20E-01
5.64E-01,1.4399999,5.64E-01,7.20E-01
5.64E-01,1.36,5.64E-01,6.40E-01
5.65E-01,1.36,5.65E-01,7.20E-01
5.65E-01,1.36,5.65E-01,6.40E-01
5.66E-01,1.28,5.66E-01,6.40E-01
5.66E-01,1.28,5.66E-01,5.60E-01
5.66E-01,1.28,5.66E-01,6.40E-01
5.67E-01,1.28,5.67E-01,5.60E-01
5.67E-01,1.28,5.67E-01,5.60E-01
5.68E-01,1.1999999,5.68E-01,5.60E-01
5.68E-01,1.28,5.68E-01,5.60E-01
5.68E-01,1.1999999,5.68E-01,5.60E-01
5.69E-01,1.1999999,5.69E-01,4.80E-01
5.69E-01,1.1999999,5.69E-01,4.80E-01
5.70E-01,1.1999999,5.70E-01,4.80E-01
5.70E-01,1.12,5.70E-01,4.00E-01
5.70E-01,1.12,5.70E-01,4.00E-01
5.71E-01,1.12,5.71E-01,4.00E-01
5.71E-01,1.12,5.71E-01,4.00E-01
5.72E-01,1.04,5.72E-01,3.20E-01
5.72E-01,1.04,5.72E-01,3.20E-01
5.72E-01,9.60E-01,5.72E-01,3.20E-01
5.73E-01,1.04,5.73E-01,3.20E-01
5.73E-01,9.60E-01,5.73E-01,3.20E-01
5.74E-01,9.60E-01,5.74E-01,2.40E-01
5.74E-01,9.60E-01,5.74E-01,3.20E-01
5.74E-01,9.60E-01,5.74E-01,2.40E-01
5.75E-01,8.80E-01,5.75E-01,2.40E-01
5.75E-01,9.60E-01,5.75E-01,2.40E-01
5.76E-01,8.80E-01,5.76E-01,1.60E-01
5.76E-01,8.00E-01,5.76E-01,2.40E-01
5.76E-01,8.00E-01,5.76E-01,1.60E-01
5.77E-01,8.80E-01,5.77E-01,1.60E-01
5.77E-01,7.20E-01,5.77E-01,8.00E-02
5.78E-01,8.00E-01,5.78E-01,8.00E-02
5.78E-01,7.20E-01,5.78E-01,8.00E-02
5.78E-01,7.20E-01,5.78E-01,8.00E-02
5.79E-01,7.20E-01,5.79E-01,8.00E-02
5.79E-01,6.40E-01,5.79E-01,8.00E-02
5.80E-01,6.40E-01,5.80E-01,8.00E-02
5.80E-01,6.40E-01,5.80E-01,8.00E-02
5.80E-01,5.60E-01,5.80E-01,8.00E-02
5.81E-01,5.60E-01,5.81E-01,8.00E-02
5.81E-01,5.60E-01,5.81E-01,8.00E-02
5.82E-01,5.60E-01,5.82E-01,8.00E-02
5.82E-01,5.60E-01,5.82E-01,8.00E-02
5.82E-01,4.80E-01,5.82E-01,8.00E-02
5.83E-01,4.80E-01,5.83E-01,8.00E-02
5.83E-01,3.20E-01,5.83E-01,8.00E-02
5.84E-01,3.20E-01,5.84E-01,8.00E-02
5.84E-01,3.20E-01,5.84E-01,0
5.84E-01,3.20E-01,5.84E-01,8.00E-02
5.85E-01,3.20E-01,5.85E-01,8.00E-02
5.85E-01,2.40E-01,5.85E-01,8.00E-02
5.86E-01,2.40E-01,5.86E-01,8.00E-02
5.86E-01,1.60E-01,5.86E-01,8.00E-02
5.86E-01,2.40E-01,5.86E-01,8.00E-02
5.87E-01,1.60E-01,5.87E-01,8.00E-02
5.87E-01,8.00E-02,5.87E-01,8.00E-02
5.88E-01,8.00E-02,5.88E-01,8.00E-02
5.88E-01,8.00E-02,5.88E-01,8.00E-02
5.88E-01,0,5.88E-01,8.00E-02
5.89E-01,0,5.89E-01,8.00E-02
5.89E-01,0,5.89E-01,8.00E-02
5.90E-01,0,5.90E-01,8.00E-02
5.90E-01,-8.00E-02,5.90E-01,8.00E-02
5.90E-01,-8.00E-02,5.90E-01,8.00E-02
5.91E-01,-1.60E-01,5.91E-01,8.00E-02
5.91E-01,-1.60E-01,5.91E-01,8.00E-02
5.92E-01,-1.60E-01,5.92E-01,0
5.92E-01,-2.40E-01,5.92E-01,0
5.92E-01,-2.40E-01,5.92E-01,8.00E-02
5.93E-01,-2.40E-01,5.93E-01,8.00E-02
5.93E-01,-2.40E-01,5.93E-01,8.00E-02
5.94E-01,-3.20E-01,5.94E-01,8.00E-02
5.94E-01,-3.20E-01,5.94E-01,8.00E-02
5.94E-01,-4.00E-01,5.94E-01,8.00E-02
5.95E-01,-4.00E-01,5.95E-01,8.00E-02
5.95E-01,-4.80E-01,5.95E-01,8.00E-02
5.96E-01,-4.80E-01,5.96E-01,8.00E-02
5.96E-01,-5.60E-01,5.96E-01,8.00E-02
5.96E-01,-5.60E-01,5.96E-01,8.00E-02
5.97E-01,-5.60E-01,5.97E-01,8.00E-02
5.97E-01,-6.40E-01,5.97E-01,8.00E-02
5.98E-01,-6.40E-01,5.98E-01,8.00E-02
5.98E-01,-6.40E-01,5.98E-01,8.00E-02
5.98E-01,-7.20E-01,5.98E-01,0
5.99E-01,-8.00E-01,5.99E-01,8.00E-02
5.99E-01,-7.20E-01,5.99E-01,8.00E-02
6.00E-01,-8.00E-01,6.00E-01,8.00E-02
6.00E-01,-8.00E-01,6.00E-01,8.00E-02
6.00E-01,-8.80E-01,6.00E-01,8.00E-02
6.01E-01,-8.80E-01,6.01E-01,8.00E-02
6.01E-01,-8.80E-01,6.01E-01,8.00E-02
6.02E-01,-8.80E-01,6.02E-01,8.00E-02
6.02E-01,-9.60E-01,6.02E-01,0
6.02E-01,-9.60E-01,6.02E-01,8.00E-02
6.03E-01,-1.04,6.03E-01,8.00E-02
6.03E-01,-1.04,6.03E-01,8.00E-02
6.04E-01,-1.12,6.04E-01,8.00E-02
6.04E-01,-1.12,6.04E-01,8.00E-02
6.04E-01,-1.12,6.04E-01,8.00E-02
6.05E-01,-1.12,6.05E-01,0
6.05E-01,-1.1999999,6.05E-01,8.00E-02
6.06E-01,-1.1999999,6.06E-01,8.00E-02
6.06E-01,-1.28,6.06E-01,8.00E-02
6.06E-01,-1.36,6.06E-01,8.00E-02
6.07E-01,-1.28,6.07E-01,8.00E-02
6.07E-01,-1.36,6.07E-01,8.00E-02
6.08E-01,-1.36,6.08E-01,8.00E-02
6.08E-01,-1.36,6.08E-01,8.00E-02
6.08E-01,-1.4399999,6.08E-01,8.00E-02
6.09E-01,-1.4399999,6.09E-01,8.00E-02
6.09E-01,-1.52,6.09E-01,8.00E-02
6.10E-01,-1.52,6.10E-01,8.00E-02
6.10E-01,-1.52,6.10E-01,8.00E-02
6.10E-01,-1.52,6.10E-01,8.00E-02
6.11E-01,-1.5999999,6.11E-01,0
6.11E-01,-1.5999999,6.11E-01,8.00E-02
6.12E-01,-1.5999999,6.12E-01,8.00E-02
6.12E-01,-1.76,6.12E-01,8.00E-02
6.12E-01,-1.6799999,6.12E-01,8.00E-02
6.13E-01,-1.6799999,6.13E-01,8.00E-02
6.13E-01,-1.76,6.13E-01,8.00E-02
6.14E-01,-1.8399999,6.14E-01,8.00E-02
6.14E-01,-1.8399999,6.14E-01,8.00E-02
6.14E-01,-1.92,6.14E-01,8.00E-02
6.15E-01,-1.92,6.15E-01,8.00E-02
6.15E-01,-1.92,6.15E-01,8.00E-02
6.16E-01,-1.92,6.16E-01,8.00E-02
6.16E-01,-2,6.16E-01,0
6.16E-01,-2,6.16E-01,8.00E-02
6.17E-01,-1.92,6.17E-01,8.00E-02
6.17E-01,-1.92,6.17E-01,8.00E-02
6.18E-01,-1.8399999,6.18E-01,8.00E-02
6.18E-01,-1.8399999,6.18E-01,8.00E-02
6.18E-01,-1.8399999,6.18E-01,8.00E-02
6.19E-01,-1.76,6.19E-01,0
6.19E-01,-1.76,6.19E-01,8.00E-02
6.20E-01,-1.6799999,6.20E-01,8.00E-02
6.20E-01,-1.6799999,6.20E-01,0
6.20E-01,-1.5999999,6.20E-01,8.00E-02
6.21E-01,-1.6799999,6.21E-01,8.00E-02
6.21E-01,-1.5999999,6.21E-01,8.00E-02
6.22E-01,-1.5999999,6.22E-01,8.00E-02
6.22E-01,-1.52,6.22E-01,8.00E-02
6.22E-01,-1.52,6.22E-01,8.00E-02
6.23E-01,-1.52,6.23E-01,8.00E-02
6.23E-01,-1.4399999,6.23E-01,8.00E-02
6.24E-01,-1.4399999,6.24E-01,0
6.24E-01,-1.4399999,6.24E-01,8.00E-02
6.24E-01,-1.36,6.24E-01,8.00E-02
6.25E-01,-1.36,6.25E-01,8.00E-02
6.25E-01,-1.36,6.25E-01,8.00E-02
6.26E-01,-1.28,6.26E-01,0
6.26E-01,-1.28,6.26E-01,8.00E-02
6.26E-01,-1.28,6.26E-01,0
6.27E-01,-1.1999999,6.27E-01,8.00E-02
6.27E-01,-1.1999999,6.27E-01,8.00E-02
6.28E-01,-1.12,6.28E-01,0
6.28E-01,-1.12,6.28E-01,8.00E-02
6.28E-01,-1.12,6.28E-01,8.00E-02
6.29E-01,-1.04,6.29E-01,8.00E-02
6.29E-01,-9.60E-01,6.29E-01,8.00E-02
6.30E-01,-9.60E-01,6.30E-01,8.00E-02
6.30E-01,-9.60E-01,6.30E-01,8.00E-02
6.30E-01,-9.60E-01,6.30E-01,0
6.31E-01,-9.60E-01,6.31E-01,0
6.31E-01,-8.80E-01,6.31E-01,8.00E-02
6.32E-01,-8.00E-01,6.32E-01,0
6.32E-01,-8.80E-01,6.32E-01,8.00E-02
6.32E-01,-8.00E-01,6.32E-01,8.00E-02
6.33E-01,-8.00E-01,6.33E-01,8.00E-02
6.33E-01,-7.20E-01,6.33E-01,8.00E-02
6.34E-01,-7.20E-01,6.34E-01,8.00E-02
6.34E-01,-7.20E-01,6.34E-01,8.00E-02
6.34E-01,-6.40E-01,6.34E-01,8.00E-02
6.35E-01,-5.60E-01,6.35E-01,8.00E-02
6.35E-01,-5.60E-01,6.35E-01,8.00E-02
6.36E-01,-5.60E-01,6.36E-01,8.00E-02
6.36E-01,-5.60E-01,6.36E-01,8.00E-02
6.36E-01,-4.80E-01,6.36E-01,8.00E-02
6.37E-01,-4.80E-01,6.37E-01,8.00E-02
6.37E-01,-4.80E-01,6.37E-01,8.00E-02
6.38E-01,-4.00E-01,6.38E-01,8.00E-02
6.38E-01,-4.00E-01,6.38E-01,8.00E-02
6.38E-01,-3.20E-01,6.38E-01,8.00E-02
6.39E-01,-3.20E-01,6.39E-01,8.00E-02
6.39E-01,-3.20E-01,6.39E-01,8.00E-02
6.40E-01,-2.40E-01,6.40E-01,0
6.40E-01,-2.40E-01,6.40E-01,8.00E-02
6.40E-01,-2.40E-01,6.40E-01,8.00E-02
6.41E-01,-2.40E-01,6.41E-01,8.00E-02
6.41E-01,-2.40E-01,6.41E-01,8.00E-02
6.42E-01,-1.60E-01,6.42E-01,8.00E-02
6.42E-01,-8.00E-02,6.42E-01,0
6.42E-01,-8.00E-02,6.42E-01,8.00E-02
6.43E-01,0,6.43E-01,8.00E-02
6.43E-01,0,6.43E-01,8.00E-02
6.44E-01,0,6.44E-01,8.00E-02
6.44E-01,0,6.44E-01,8.00E-02
6.44E-01,8.00E-02,6.44E-01,8.00E-02
6.45E-01,8.00E-02,6.45E-01,8.00E-02
6.45E-01,1.60E-01,6.45E-01,8.00E-02
6.46E-01,1.60E-01,6.46E-01,8.00E-02
6.46E-01,1.60E-01,6.46E-01,8.00E-02
6.46E-01,2.40E-01,6.46E-01,8.00E-02
6.47E-01,2.40E-01,6.47E-01,8.00E-02
6.47E-01,3.20E-01,6.47E-01,8.00E-02
6.48E-01,3.20E-01,6.48E-01,8.00E-02
6.48E-01,3.20E-01,6.48E-01,8.00E-02
6.48E-01,3.20E-01,6.48E-01,8.00E-02
6.49E-01,3.20E-01,6.49E-01,8.00E-02
6.49E-01,4.00E-01,6.49E-01,8.00E-02
6.50E-01,4.80E-01,6.50E-01,8.00E-02
6.50E-01,4.80E-01,6.50E-01,8.00E-02
6.50E-01,5.60E-01,6.50E-01,8.00E-02
6.51E-01,5.60E-01,6.51E-01,8.00E-02
6.51E-01,5.60E-01,6.51E-01,8.00E-02
6.52E-01,5.60E-01,6.52E-01,8.00E-02
6.52E-01,6.40E-01,6.52E-01,8.00E-02
6.52E-01,6.40E-01,6.52E-01,8.00E-02
6.53E-01,6.40E-01,6.53E-01,8.00E-02
6.53E-01,7.20E-01,6.53E-01,8.00E-02
6.54E-01,7.20E-01,6.54E-01,8.00E-02
6.54E-01,7.20E-01,6.54E-01,8.00E-02
6.54E-01,7.20E-01,6.54E-01,1.60E-01
6.55E-01,8.00E-01,6.55E-01,1.60E-01
6.55E-01,8.00E-01,6.55E-01,8.00E-02
6.56E-01,8.00E-01,6.56E-01,1.60E-01
6.56E-01,8.80E-01,6.56E-01,1.60E-01
6.56E-01,8.80E-01,6.56E-01,1.60E-01
6.57E-01,8.80E-01,6.57E-01,2.40E-01
6.57E-01,8.80E-01,6.57E-01,2.40E-01
6.58E-01,8.80E-01,6.58E-01,2.40E-01
6.58E-01,9.60E-01,6.58E-01,2.40E-01
6.58E-01,9.60E-01,6.58E-01,2.40E-01
6.59E-01,9.60E-01,6.59E-01,3.20E-01
6.59E-01,9.60E-01,6.59E-01,3.20E-01
6.60E-01,9.60E-01,6.60E-01,3.20E-01
6.60E-01,1.04,6.60E-01,3.20E-01
6.60E-01,1.12,6.60E-01,3.20E-01
6.61E-01,1.12,6.61E-01,4.00E-01
6.61E-01,1.12,6.61E-01,4.00E-01
6.62E-01,1.12,6.62E-01,4.00E-01
6.62E-01,1.12,6.62E-01,4.00E-01
6.62E-01,1.12,6.62E-01,4.00E-01
6.63E-01,1.1999999,6.63E-01,4.80E-01
6.63E-01,1.1999999,6.63E-01,4.80E-01
6.64E-01,1.28,6.64E-01,5.60E-01
6.64E-01,1.1999999,6.64E-01,5.60E-01
6.64E-01,1.28,6.64E-01,5.60E-01
6.65E-01,1.28,6.65E-01,5.60E-01
6.65E-01,1.28,6.65E-01,5.60E-01
6.66E-01,1.28,6.66E-01,5.60E-01
6.66E-01,1.28,6.66E-01,5.60E-01
6.66E-01,1.28,6.66E-01,6.40E-01
6.67E-01,1.28,6.67E-01,6.40E-01
6.67E-01,1.28,6.67E-01,6.40E-01
6.68E-01,1.36,6.68E-01,6.40E-01
6.68E-01,1.4399999,6.68E-01,7.20E-01
6.68E-01,1.4399999,6.68E-01,7.20E-01
6.69E-01,1.4399999,6.69E-01,7.20E-01
6.69E-01,1.4399999,6.69E-01,7.20E-01
6.70E-01,1.4399999,6.70E-01,7.20E-01
6.70E-01,1.52,6.70E-01,7.20E-01
6.70E-01,1.52,6.70E-01,8.00E-01
6.71E-01,1.52,6.71E-01,8.00E-01
6.71E-01,1.52,6.71E-01,8.00E-01
6.72E-01,1.5999999,6.72E-01,8.80E-01
6.72E-01,1.5999999,6.72E-01,8.00E-01
6.72E-01,1.5999999,6.72E-01,8.80E-01
6.73E-01,1.5999999,6.73E-01,8.80E-01
6.73E-01,1.5999999,6.73E-01,9.60E-01
6.74E-01,1.6799999,6.74E-01,9.60E-01
6.74E-01,1.6799999,6.74E-01,9.60E-01
6.74E-01,1.6799999,6.74E-01,9.60E-01
6.75E-01,1.6799999,6.75E-01,1.04
6.75E-01,1.76,6.75E-01,9.60E-01
6.76E-01,1.76,6.76E-01,1.04
6.76E-01,1.76,6.76E-01,1.04
6.76E-01,1.8399999,6.76E-01,1.04
6.77E-01,1.76,6.77E-01,1.04
6.77E-01,1.8399999,6.77E-01,1.12
6.78E-01,1.8399999,6.78E-01,1.04
6.78E-01,1.8399999,6.78E-01,1.12
6.78E-01,1.8399999,6.78E-01,1.12
6.79E-01,1.8399999,6.79E-01,1.12
6.79E-01,1.92,6.79E-01,1.1999999
6.80E-01,1.92,6.80E-01,1.1999999
6.80E-01,1.92,6.80E-01,1.1999999
6.80E-01,1.92,6.80E-01,1.1999999
6.81E-01,2,6.81E-01,1.1999999
6.81E-01,2,6.81E-01,1.28
6.82E-01,2,6.82E-01,1.28
6.82E-01,2,6.82E-01,1.28
6.82E-01,2,6.82E-01,1.36
6.83E-01,2.0799999,6.83E-01,1.36
6.83E-01,2.0799999,6.83E-01,1.36
6.84E-01,2.0799999,6.84E-01,1.4399999
6.84E-01,2.0799999,6.84E-01,1.36
6.84E-01,2.1599998,6.84E-01,1.4399999
6.85E-01,2.1599998,6.85E-01,1.36
6.85E-01,2.1599998,6.85E-01,1.4399999
6.86E-01,2.1599998,6.86E-01,1.4399999
6.86E-01,2.24,6.86E-01,1.52
6.86E-01,2.24,6.86E-01,1.4399999
6.87E-01,2.24,6.87E-01,1.52
6.87E-01,2.24,6.87E-01,1.52
6.88E-01,2.24,6.88E-01,1.5999999
6.88E-01,2.3199999,6.88E-01,1.52
6.88E-01,2.3199999,6.88E-01,1.5999999
6.89E-01,2.3199999,6.89E-01,1.5999999
6.89E-01,2.3199999,6.89E-01,1.5999999
6.90E-01,2.3999999,6.90E-01,1.5999999
6.90E-01,2.3999999,6.90E-01,1.5999999
6.90E-01,2.3999999,6.90E-01,1.6799999
6.91E-01,2.3999999,6.91E-01,1.6799999
6.91E-01,2.3999999,6.91E-01,1.6799999
6.92E-01,2.3999999,6.92E-01,1.76
6.92E-01,2.48,6.92E-01,1.76
6.92E-01,2.48,6.92E-01,1.76
6.93E-01,2.5599999,6.93E-01,1.76
6.93E-01,2.5599999,6.93E-01,1.76
6.94E-01,2.5599999,6.94E-01,1.8399999
6.94E-01,2.5599999,6.94E-01,1.8399999
6.94E-01,2.5599999,6.94E-01,1.8399999
6.95E-01,2.6399999,6.95E-01,1.8399999
6.95E-01,2.6399999,6.95E-01,1.8399999
6.96E-01,2.6399999,6.96E-01,1.92
6.96E-01,2.6399999,6.96E-01,1.92
6.96E-01,2.6399999,6.96E-01,1.92
6.97E-01,2.6399999,6.97E-01,1.92
6.97E-01,2.72000003,6.97E-01,1.92
6.98E-01,2.72000003,6.98E-01,2
6.98E-01,2.72000003,6.98E-01,2
6.98E-01,2.79999995,6.98E-01,2.0799999
6.99E-01,2.79999995,6.99E-01,2
6.99E-01,2.79999995,6.99E-01,2.0799999
7.00E-01,2.79999995,7.00E-01,2.0799999
7.00E-01,2.79999995,7.00E-01,2.0799999
7.00E-01,2.87999988,7.00E-01,2.0799999
7.01E-01,2.87999988,7.01E-01,2.0799999
7.01E-01,2.87999988,7.01E-01,2.1599998
7.02E-01,2.87999988,7.02E-01,2.24
7.02E-01,2.96000004,7.02E-01,2.24
7.02E-01,2.96000004,7.02E-01,2.1599998
7.03E-01,3.03999996,7.03E-01,2.24
7.03E-01,2.96000004,7.03E-01,2.24
7.04E-01,3.03999996,7.04E-01,2.24
7.04E-01,2.96000004,7.04E-01,2.3199999
7.04E-01,3.03999996,7.04E-01,2.3199999
7.05E-01,3.03999996,7.05E-01,2.3199999
7.05E-01,3.03999996,7.05E-01,2.3199999
7.06E-01,3.11999989,7.06E-01,2.3199999
7.06E-01,3.11999989,7.06E-01,2.3999999
7.06E-01,3.11999989,7.06E-01,2.3199999
7.07E-01,3.11999989,7.07E-01,2.3999999
7.07E-01,3.19999981,7.07E-01,2.3999999
7.08E-01,3.19999981,7.08E-01,2.48
7.08E-01,3.19999981,7.08E-01,2.3999999
7.08E-01,3.19999981,7.08E-01,2.48
7.09E-01,3.19999981,7.09E-01,2.48
7.09E-01,3.19999981,7.09E-01,2.48
7.10E-01,3.27999997,7.10E-01,2.48
7.10E-01,3.19999981,7.10E-01,2.48
7.10E-01,3.3599999,7.10E-01,2.48
7.11E-01,3.3599999,7.11E-01,2.48
7.11E-01,3.27999997,7.11E-01,2.5599999
7.12E-01,3.3599999,7.12E-01,2.5599999
7.12E-01,3.3599999,7.12E-01,2.6399999
7.12E-01,3.3599999,7.12E-01,2.6399999
7.13E-01,3.43999982,7.13E-01,2.5599999
7.13E-01,3.43999982,7.13E-01,2.72000003
7.14E-01,3.43999982,7.14E-01,2.72000003
7.14E-01,3.43999982,7.14E-01,2.72000003
7.14E-01,3.43999982,7.14E-01,2.72000003
7.15E-01,3.51999998,7.15E-01,2.72000003
7.15E-01,3.51999998,7.15E-01,2.79999995
7.16E-01,3.5999999,7.16E-01,2.79999995
7.16E-01,3.51999998,7.16E-01,2.79999995
7.16E-01,3.5999999,7.16E-01,2.79999995
7.17E-01,3.51999998,7.17E-01,2.72000003
7.17E-01,3.51999998,7.17E-01,2.72000003
7.18E-01,3.51999998,7.18E-01,2.72000003
7.18E-01,3.43999982,7.18E-01,2.72000003
7.18E-01,3.43999982,7.18E-01,2.72000003
7.19E-01,3.43999982,7.19E-01,2.72000003
7.19E-01,3.43999982,7.19E-01,2.72000003
7.20E-01,3.43999982,7.20E-01,2.6399999
7.20E-01,3.3599999,7.20E-01,2.6399999
7.20E-01,3.3599999,7.20E-01,2.5599999
7.21E-01,3.3599999,7.21E-01,2.5599999
7.21E-01,3.3599999,7.21E-01,2.5599999
7.22E-01,3.3599999,7.22E-01,2.5599999
7.22E-01,3.27999997,7.22E-01,2.5599999
7.22E-01,3.27999997,7.22E-01,2.5599999
7.23E-01,3.27999997,7.23E-01,2.48
7.23E-01,3.27999997,7.23E-01,2.48
7.24E-01,3.19999981,7.24E-01,2.3999999
7.24E-01,3.19999981,7.24E-01,2.48
7.24E-01,3.19999981,7.24E-01,2.3999999
7.25E-01,3.19999981,7.25E-01,2.3999999
7.25E-01,3.11999989,7.25E-01,2.3999999
7.26E-01,3.11999989,7.26E-01,2.3999999
7.26E-01,3.11999989,7.26E-01,2.3999999
7.26E-01,3.11999989,7.26E-01,2.3999999
7.27E-01,3.11999989,7.27E-01,2.3199999
7.27E-01,3.03999996,7.27E-01,2.3199999
7.28E-01,3.03999996,7.28E-01,2.3199999
7.28E-01,3.03999996,7.28E-01,2.3199999
7.28E-01,3.03999996,7.28E-01,2.24
7.29E-01,3.03999996,7.29E-01,2.24
7.29E-01,2.96000004,7.29E-01,2.24
7.30E-01,2.96000004,7.30E-01,2.1599998
7.30E-01,2.87999988,7.30E-01,2.24
7.30E-01,2.96000004,7.30E-01,2.1599998
7.31E-01,2.96000004,7.31E-01,2.1599998
7.31E-01,2.87999988,7.31E-01,2.1599998
7.32E-01,2.87999988,7.32E-01,2.1599998
7.32E-01,2.87999988,7.32E-01,2.0799999
7.32E-01,2.79999995,7.32E-01,2.0799999
7.33E-01,2.79999995,7.33E-01,2.0799999
7.33E-01,2.79999995,7.33E-01,2
7.34E-01,2.72000003,7.34E-01,2.0799999
7.34E-01,2.79999995,7.34E-01,2
7.34E-01,2.72000003,7.34E-01,2
7.35E-01,2.6399999,7.35E-01,2
7.35E-01,2.72000003,7.35E-01,2
7.36E-01,2.72000003,7.36E-01,1.92
7.36E-01,2.6399999,7.36E-01,1.92
7.36E-01,2.6399999,7.36E-01,1.8399999
7.37E-01,2.6399999,7.37E-01,1.8399999
7.37E-01,2.6399999,7.37E-01,1.8399999
7.38E-01,2.6399999,7.38E-01,1.8399999
7.38E-01,2.6399999,7.38E-01,1.8399999
7.38E-01,2.5599999,7.38E-01,1.8399999
7.39E-01,2.5599999,7.39E-01,1.8399999
7.39E-01,2.5599999,7.39E-01,1.76
7.40E-01,2.5599999,7.40E-01,1.76
7.40E-01,2.48,7.40E-01,1.76
7.40E-01,2.48,7.40E-01,1.76
7.41E-01,2.3999999,7.41E-01,1.76
7.41E-01,2.3999999,7.41E-01,1.76
7.42E-01,2.3999999,7.42E-01,1.6799999
7.42E-01,2.3999999,7.42E-01,1.5999999
7.42E-01,2.3999999,7.42E-01,1.6799999
7.43E-01,2.3999999,7.43E-01,1.5999999
7.43E-01,2.3199999,7.43E-01,1.5999999
7.44E-01,2.3199999,7.44E-01,1.5999999
7.44E-01,2.3199999,7.44E-01,1.52
7.44E-01,2.24,7.44E-01,1.52
7.45E-01,2.24,7.45E-01,1.52
7.45E-01,2.3199999,7.45E-01,1.52
7.46E-01,2.24,7.46E-01,1.52
7.46E-01,2.24,7.46E-01,1.4399999
7.46E-01,2.24,7.46E-01,1.4399999
7.47E-01,2.1599998,7.47E-01,1.4399999
7.47E-01,2.1599998,7.47E-01,1.4399999
7.48E-01,2.1599998,7.48E-01,1.4399999
7.48E-01,2.1599998,7.48E-01,1.4399999
7.48E-01,2.0799999,7.48E-01,1.36
7.49E-01,2.0799999,7.49E-01,1.36
7.49E-01,2.0799999,7.49E-01,1.36
7.50E-01,2.0799999,7.50E-01,1.36
7.50E-01,2,7.50E-01,1.36
7.50E-01,2,7.50E-01,1.28
7.51E-01,2,7.51E-01,1.28
7.51E-01,2,7.51E-01,1.28
7.52E-01,2,7.52E-01,1.1999999
7.52E-01,1.92,7.52E-01,1.1999999
7.52E-01,1.92,7.52E-01,1.1999999
7.53E-01,1.92,7.53E-01,1.1999999
7.53E-01,1.8399999,7.53E-01,1.1999999
7.54E-01,1.8399999,7.54E-01,1.12
7.54E-01,1.8399999,7.54E-01,1.12
7.54E-01,1.8399999,7.54E-01,1.04
7.55E-01,1.8399999,7.55E-01,1.04
7.55E-01,1.8399999,7.55E-01,1.12
7.56E-01,1.8399999,7.56E-01,1.04
7.56E-01,1.76,7.56E-01,1.04
7.56E-01,1.76,7.56E-01,1.04
7.57E-01,1.6799999,7.57E-01,9.60E-01
7.57E-01,1.6799999,7.57E-01,1.04
7.58E-01,1.6799999,7.58E-01,9.60E-01
7.58E-01,1.76,7.58E-01,9.60E-01
7.58E-01,1.6799999,7.58E-01,9.60E-01
7.59E-01,1.6799999,7.59E-01,9.60E-01
7.59E-01,1.5999999,7.59E-01,9.60E-01
7.60E-01,1.5999999,7.60E-01,8.80E-01
7.60E-01,1.5999999,7.60E-01,8.00E-01
7.60E-01,1.5999999,7.60E-01,8.80E-01
7.61E-01,1.5999999,7.61E-01,8.00E-01
7.61E-01,1.5999999,7.61E-01,8.00E-01
7.62E-01,1.5999999,7.62E-01,8.00E-01
7.62E-01,1.52,7.62E-01,8.00E-01
7.62E-01,1.52,7.62E-01,8.00E-01
7.63E-01,1.4399999,7.63E-01,7.20E-01
7.63E-01,1.4399999,7.63E-01,7.20E-01
7.64E-01,1.4399999,7.64E-01,7.20E-01
7.64E-01,1.4399999,7.64E-01,7.20E-01
7.64E-01,1.36,7.64E-01,7.20E-01
7.65E-01,1.36,7.65E-01,6.40E-01
7.65E-01,1.36,7.65E-01,6.40E-01
7.66E-01,1.28,7.66E-01,6.40E-01
7.66E-01,1.28,7.66E-01,5.60E-01
7.66E-01,1.28,7.66E-01,5.60E-01
7.67E-01,1.28,7.67E-01,5.60E-01
7.67E-01,1.28,7.67E-01,5.60E-01
7.68E-01,1.28,7.68E-01,5.60E-01
7.68E-01,1.28,7.68E-01,5.60E-01
7.68E-01,1.28,7.68E-01,4.80E-01
7.69E-01,1.1999999,7.69E-01,4.80E-01
7.69E-01,1.1999999,7.69E-01,4.80E-01
7.70E-01,1.12,7.70E-01,4.80E-01
7.70E-01,1.12,7.70E-01,4.00E-01
7.70E-01,1.12,7.70E-01,4.00E-01
7.71E-01,1.12,7.71E-01,4.00E-01
7.71E-01,1.12,7.71E-01,3.20E-01
7.72E-01,1.12,7.72E-01,3.20E-01
7.72E-01,1.04,7.72E-01,3.20E-01
7.72E-01,1.04,7.72E-01,3.20E-01
7.73E-01,9.60E-01,7.73E-01,3.20E-01
7.73E-01,9.60E-01,7.73E-01,3.20E-01
7.74E-01,9.60E-01,7.74E-01,3.20E-01
7.74E-01,9.60E-01,7.74E-01,2.40E-01
7.74E-01,9.60E-01,7.74E-01,2.40E-01
7.75E-01,9.60E-01,7.75E-01,2.40E-01
7.75E-01,8.80E-01,7.75E-01,1.60E-01
7.76E-01,8.80E-01,7.76E-01,1.60E-01
7.76E-01,8.00E-01,7.76E-01,1.60E-01
7.76E-01,8.00E-01,7.76E-01,1.60E-01
7.77E-01,8.00E-01,7.77E-01,1.60E-01
7.77E-01,8.00E-01,7.77E-01,1.60E-01
7.78E-01,8.00E-01,7.78E-01,1.60E-01
7.78E-01,7.20E-01,7.78E-01,1.60E-01
7.78E-01,7.20E-01,7.78E-01,8.00E-02
7.79E-01,7.20E-01,7.79E-01,8.00E-02
7.79E-01,6.40E-01,7.79E-01,8.00E-02
7.80E-01,6.40E-01,7.80E-01,8.00E-02
7.80E-01,6.40E-01,7.80E-01,8.00E-02
7.80E-01,5.60E-01,7.80E-01,8.00E-02
7.81E-01,5.60E-01,7.81E-01,8.00E-02
7.81E-01,5.60E-01,7.81E-01,8.00E-02
7.82E-01,5.60E-01,7.82E-01,8.00E-02
7.82E-01,4.80E-01,7.82E-01,8.00E-02
7.82E-01,4.80E-01,7.82E-01,8.00E-02
7.83E-01,4.80E-01,7.83E-01,8.00E-02
7.83E-01,4.80E-01,7.83E-01,8.00E-02
7.84E-01,4.00E-01,7.84E-01,8.00E-02
7.84E-01,3.20E-01,7.84E-01,8.00E-02
7.84E-01,3.20E-01,7.84E-01,0
7.85E-01,3.20E-01,7.85E-01,8.00E-02
7.85E-01,2.40E-01,7.85E-01,8.00E-02
7.86E-01,2.40E-01,7.86E-01,8.00E-02
7.86E-01,2.40E-01,7.86E-01,8.00E-02
7.86E-01,1.60E-01,7.86E-01,8.00E-02
7.87E-01,1.60E-01,7.87E-01,8.00E-02
7.87E-01,8.00E-02,7.87E-01,8.00E-02
7.88E-01,8.00E-02,7.88E-01,8.00E-02
7.88E-01,0,7.88E-01,8.00E-02
7.88E-01,0,7.88E-01,8.00E-02
7.89E-01,0,7.89E-01,8.00E-02
7.89E-01,0,7.89E-01,8.00E-02
7.90E-01,-8.00E-02,7.90E-01,8.00E-02
7.90E-01,-1.60E-01,7.90E-01,8.00E-02
7.90E-01,-1.60E-01,7.90E-01,8.00E-02
7.91E-01,-1.60E-01,7.91E-01,8.00E-02
7.91E-01,-1.60E-01,7.91E-01,8.00E-02
7.92E-01,-1.60E-01,7.92E-01,8.00E-02
7.92E-01,-1.60E-01,7.92E-01,8.00E-02
7.92E-01,-2.40E-01,7.92E-01,8.00E-02
7.93E-01,-2.40E-01,7.93E-01,8.00E-02
7.93E-01,-3.20E-01,7.93E-01,8.00E-02
7.94E-01,-3.20E-01,7.94E-01,8.00E-02
7.94E-01,-3.20E-01,7.94E-01,8.00E-02
7.94E-01,-4.00E-01,7.94E-01,8.00E-02
7.95E-01,-4.00E-01,7.95E-01,8.00E-02
7.95E-01,-4.00E-01,7.95E-01,8.00E-02
7.96E-01,-4.80E-01,7.96E-01,8.00E-02
7.96E-01,-5.60E-01,7.96E-01,8.00E-02
7.96E-01,-5.60E-01,7.96E-01,8.00E-02
7.97E-01,-5.60E-01,7.97E-01,8.00E-02
7.97E-01,-5.60E-01,7.97E-01,0
7.98E-01,-6.40E-01,7.98E-01,8.00E-02
7.98E-01,-6.40E-01,7.98E-01,8.00E-02
7.98E-01,-6.40E-01,7.98E-01,0
7.99E-01,-7.20E-01,7.99E-01,8.00E-02
7.99E-01,-7.20E-01,7.99E-01,8.00E-02
8.00E-01,-8.00E-01,8.00E-01,8.00E-02
8.00E-01,-8.00E-01,8.00E-01,8.00E-02
